t_Android;t_unix;x;y;z;a
122027123768476;1764839971078;0.058315184;0.124318056;9.805689;3
122027128738788;1764839971078;0.058315184;0.124318056;9.805689;3
122027133709101;1764839971137;0.058315184;0.124318056;9.805689;3
122027138679413;1764839971137;0.058315184;0.124318056;9.805689;3
122027143649726;1764839971137;0.058315184;0.124318056;9.805689;3
122027148620038;1764839971137;0.058315184;0.124318056;9.805689;3
122027153590351;1764839971137;0.058315184;0.124318056;9.805689;3
122027158560663;1764839971137;0.058315184;0.124318056;9.805689;3
122027163530976;1764839971137;0.058315184;0.124318056;9.805689;3
122027168501288;1764839971137;0.058315184;0.124318056;9.805689;3
122027173471601;1764839971137;0.058315184;0.124318056;9.805689;3
122027178441913;1764839971137;0.058315184;0.124318056;9.805689;3
122027183412226;1764839971137;0.058315184;0.124318056;9.805689;3
122027188382538;1764839971137;0.058315184;0.124318056;9.805689;3
122027193353007;1764839971163;0.058315184;0.124318056;9.805689;3
122027198323580;1764839971163;0.058315184;0.124318056;9.805689;3
122027203294153;1764839971163;0.058315184;0.124318056;9.805689;3
122027208264726;1764839971163;0.058315184;0.124318056;9.805689;3
122027213235299;1764839971163;0.058315184;0.124318056;9.805689;3
122027218205872;1764839971164;0.058315184;0.124318056;9.805689;3
122027223176445;1764839971169;0.058315184;0.124318056;9.805689;3
122027228147018;1764839971176;0.058315184;0.124318056;9.805689;3
122027233117591;1764839971178;0.058315184;0.124318056;9.805689;3
122027238088163;1764839971184;0.058315184;0.124318056;9.805689;3
122027243058736;1764839971188;0.058315184;0.124318056;9.805689;3
122027248029309;1764839971194;0.058315184;0.124318056;9.805689;3
122027252999882;1764839971198;0.058315184;0.124318056;9.805689;3
122027257970455;1764839971204;0.058315184;0.124318056;9.805689;3
122027262941028;1764839971208;0.058315184;0.124318056;9.805689;3
122027267911601;1764839971214;0.058315184;0.124318056;9.805689;3
122027272882174;1764839971218;0.058315184;0.124318056;9.805689;3
122027277852747;1764839971224;0.058315184;0.124318056;9.805689;3
122027282823320;1764839971230;0.058315184;0.124318056;9.805689;3
122027287793684;1764839971234;0.058315184;0.124318056;9.805689;3
122027292763997;1764839971238;0.058315184;0.124318056;9.805689;3
122027297734309;1764839971244;0.058315184;0.124318056;9.805689;3
122027302704622;1764839971248;0.058315184;0.124318056;9.805689;3
122027307674934;1764839971255;0.058315184;0.124318056;9.805689;3
122027312645247;1764839971258;0.058315184;0.124318056;9.805689;3
122027317615559;1764839971263;0.058315184;0.124318056;9.805689;3
122027322585872;1764839971268;0.058315184;0.124318056;9.805689;3
122027327556184;1764839971273;0.058315184;0.124318056;9.805689;3
122027332526497;1764839971278;0.058315184;0.124318056;9.805689;3
122027337496809;1764839971283;0.058315184;0.124318056;9.805689;3
122027342467122;1764839971288;0.058315184;0.124318056;9.805689;3
122027347437434;1764839971295;0.058315184;0.124318056;9.805689;3
122027352407747;1764839971298;0.058315184;0.124318056;9.805689;3
122027357378059;1764839971303;0.058315184;0.124318056;9.805689;3
122027362348372;1764839971308;0.058315184;0.124318056;9.805689;3
122027367318684;1764839971313;0.058315184;0.124318056;9.805689;3
122027372288997;1764839971317;0.058315184;0.124318056;9.805689;3
122027377259309;1764839971323;0.058315184;0.124318056;9.805689;3
122027382229622;1764839971328;0.058315184;0.124318056;9.805689;3
122027387200038;1764839971333;0.058315184;0.124318056;9.805689;3
122027392170611;1764839971337;0.058315184;0.124318056;9.805689;3
122027397141184;1764839971343;0.058315184;0.124318056;9.805689;3
122027402111757;1764839971348;0.058315184;0.124318056;9.805689;3
122027407082330;1764839971354;0.058315184;0.124318056;9.805689;3
122027412052903;1764839971357;0.058315184;0.124318056;9.805689;3
122027417023476;1764839971363;0.058315184;0.124318056;9.805689;3
122027421994049;1764839971367;0.058315184;0.124318056;9.805689;3
122027426964622;1764839971373;0.058315184;0.124318056;9.805689;3
122027431935195;1764839971378;0.058315184;0.124318056;9.805689;3
122027436905768;1764839971383;0.058315184;0.124318056;9.805689;3
122027441876341;1764839971387;0.058315184;0.124318056;9.805689;3
122027446846913;1764839971392;0.058315184;0.124318056;9.805689;3
122027451817486;1764839971397;0.058315184;0.124318056;9.805689;3
122027456788059;1764839971403;0.058315184;0.124318056;9.805689;3
122027461758632;1764839971407;0.058315184;0.124318056;9.805689;3
122027466729205;1764839971413;0.058315184;0.124318056;9.805689;3
122027471699778;1764839971417;0.058315184;0.124318056;9.805689;3
122027476670351;1764839971423;0.058315184;0.124318056;9.805689;3
122027481640768;1764839971427;0.058315184;0.124318056;9.805689;3
122027486611080;1764839971432;0.058315184;0.124318056;9.805689;3
122027491581393;1764839971436;0.058315184;0.124318056;9.805689;3
122027496551705;1764839971442;0.058315184;0.124318056;9.805689;3
122027501522018;1764839971448;0.058315184;0.124318056;9.805689;3
122027506492330;1764839971452;0.058315184;0.124318056;9.805689;3
122027511462643;1764839971457;0.058315184;0.124318056;9.805689;3
122027516432955;1764839971462;0.058315184;0.124318056;9.805689;3
122027521403268;1764839971466;0.058315184;0.124318056;9.805689;3
122027526373580;1764839971472;0.058315184;0.124318056;9.805689;3
122027531343893;1764839971477;0.058315184;0.124318056;9.805689;3
122027536314205;1764839971482;0.058315184;0.124318056;9.805689;3
122027541284518;1764839971488;0.058315184;0.124318056;9.805689;3
122027546254830;1764839971492;0.058315184;0.124318056;9.805689;3
122027551225143;1764839971496;0.058315184;0.124318056;9.805689;3
122027556195455;1764839971502;0.058315184;0.124318056;9.805689;3
122027561165768;1764839971506;0.058315184;0.124318056;9.805689;3
122027566136080;1764839971512;0.058315184;0.124318056;9.805689;3
122027571106393;1764839971516;0.058315184;0.124318056;9.805689;3
122027576076705;1764839971522;0.058315184;0.124318056;9.805689;3
122027581047174;1764839971527;0.058315184;0.124318056;9.805689;3
122027586017747;1764839971533;0.058315184;0.124318056;9.805689;3
122027590988320;1764839971536;0.058315184;0.124318056;9.805689;3
122027595958893;1764839971542;0.058315184;0.124318056;9.805689;3
122027600929466;1764839971546;0.058315184;0.124318056;9.805689;3
122027605900038;1764839971553;0.058315184;0.124318056;9.805689;3
122027610870611;1764839971556;0.058315184;0.124318056;9.805689;3
122027615841184;1764839971561;0.058315184;0.124318056;9.805689;3
122027620811757;1764839971566;0.058315184;0.124318056;9.805689;3
122027625782330;1764839971572;0.058315184;0.124318056;9.805689;3
122027630752903;1764839971576;0.058315184;0.124318056;9.805689;3
122027635723476;1764839971582;0.058315184;0.124318056;9.805689;3
122027640694049;1764839971586;0.058315184;0.124318056;9.805689;3
122027645664622;1764839971591;0.058315184;0.124318056;9.805689;3
122027650635195;1764839971596;0.058315184;0.124318056;9.805689;3
122027655605768;1764839971603;0.058315184;0.124318056;9.805689;3
122027660576341;1764839971606;0.058315184;0.124318056;9.805689;3
122027665546913;1764839971611;0.058315184;0.124318056;9.805689;3
122027670517486;1764839971616;0.058315184;0.124318056;9.805689;3
122027675487851;1764839971621;0.058315184;0.124318056;9.805689;3
122027680458163;1764839971626;0.058315184;0.124318056;9.805689;3
122027685428476;1764839971642;0.058315184;0.124318056;9.805689;3
122027690398788;1764839971642;0.058315184;0.124318056;9.805689;3
122027695369101;1764839971642;0.058315184;0.124318056;9.805689;3
122027700339413;1764839971645;0.058315184;0.124318056;9.805689;3
122027705309726;1764839971651;0.058315184;0.124318056;9.805689;3
122027710280038;1764839971655;0.058315184;0.124318056;9.805689;3
122027715250351;1764839971662;0.058315184;0.124318056;9.805689;3
122027720220663;1764839971666;0.058315184;0.124318056;9.805689;3
122027725190976;1764839971671;0.058315184;0.124318056;9.805689;3
122027730161288;1764839971675;0.058315184;0.124318056;9.805689;3
122027735131601;1764839971682;0.058315184;0.124318056;9.805689;3
122027740101913;1764839971686;0.058315184;0.124318056;9.805689;3
122027745072226;1764839971690;0.058315184;0.124318056;9.805689;3
122027750042538;1764839971697;0.058315184;0.124318056;9.805689;3
122027755012851;1764839971701;0.058315184;0.124318056;9.805689;3
122027759983163;1764839971706;0.058315184;0.124318056;9.805689;3
122027764953476;1764839971712;0.058315184;0.124318056;9.805689;3
122027769923788;1764839971716;0.058315184;0.124318056;9.805689;3
122027774894309;1764839971721;0.058315184;0.124318056;9.805689;3
122027779864882;1764839971725;0.058315184;0.124318056;9.805689;3
122027784835455;1764839971731;0.058315184;0.124318056;9.805689;3
122027789806028;1764839971735;0.058315184;0.124318056;9.805689;3
122027794776601;1764839971742;0.058315184;0.124318056;9.805689;3
122027799747174;1764839971747;0.058315184;0.124318056;9.805689;3
122027804717747;1764839971751;0.058315184;0.124318056;9.805689;3
122027809688320;1764839971755;0.058315184;0.124318056;9.805689;3
122027814658893;1764839971761;0.058315184;0.124318056;9.805689;3
122027819629466;1764839971765;0.058315184;0.124318056;9.805689;3
122027824600038;1764839971770;0.058315184;0.124318056;9.805689;3
122027829570611;1764839971775;0.058315184;0.124318056;9.805689;3
122027834541184;1764839971781;0.058315184;0.124318056;9.805689;3
122027839511757;1764839971785;0.058315184;0.124318056;9.805689;3
122027844482330;1764839971790;0.058315184;0.124318056;9.805689;3
122027849452903;1764839971795;0.058315184;0.124318056;9.805689;3
122027854423476;1764839971800;0.058315184;0.124318056;9.805689;3
122027859394049;1764839971804;0.058315184;0.124318056;9.805689;3
122027864364622;1764839971812;0.058315184;0.124318056;9.805689;3
122027869335038;1764839971815;0.058315184;0.124318056;9.805689;3
122027874305351;1764839971820;0.058315184;0.124318056;9.805689;3
122027879275663;1764839971825;0.058315184;0.124318056;9.805689;3
122027884245976;1764839971831;0.058315184;0.124318056;9.805689;3
122027889216288;1764839971834;0.058315184;0.124318056;9.805689;3
122027894186601;1764839971842;0.058315184;0.124318056;9.805689;3
122027899156913;1764839971845;0.058315184;0.124318056;9.805689;3
122027904127226;1764839971850;0.058315184;0.124318056;9.805689;3
122027909097538;1764839971855;0.058315184;0.124318056;9.805689;3
122027914067851;1764839971862;0.058315184;0.124318056;9.805689;3
122027919038163;1764839971864;0.058315184;0.124318056;9.805689;3
122027924008476;1764839971870;0.058315184;0.124318056;9.805689;3
122027928978788;1764839971875;0.058315184;0.124318056;9.805689;3
122027933949101;1764839971880;0.058315184;0.124318056;9.805689;3
122027938919413;1764839971884;0.058315184;0.124318056;9.805689;3
122027943889726;1764839971890;0.058315184;0.124318056;9.805689;3
122027948860038;1764839971896;0.058315184;0.124318056;9.805689;3
122027953830351;1764839971900;0.058315184;0.124318056;9.805689;3
122027958800663;1764839971905;0.058315184;0.124318056;9.805689;3
122027963770976;1764839971910;0.058315184;0.124318056;9.805689;3
122027968741549;1764839971914;0.058315184;0.124318056;9.805689;3
122027973712122;1764839971920;0.058315184;0.124318056;9.805689;3
122027978682695;1764839971924;0.058315184;0.124318056;9.805689;3
122027983653268;1764839971930;0.058315184;0.124318056;9.805689;3
122027988623841;1764839971934;0.058315184;0.124318056;9.805689;3
122027993594413;1764839971940;0.058315184;0.124318056;9.805689;3
122027998564986;1764839971945;0.058315184;0.124318056;9.805689;3
122028003535559;1764839971949;0.058315184;0.124318056;9.805689;3
122028008506132;1764839971954;0.058315184;0.124318056;9.805689;3
122028013476705;1764839971961;0.058315184;0.124318056;9.805689;3
122028018447278;1764839971965;0.058315184;0.124318056;9.805689;3
122028023417851;1764839971970;0.058315184;0.124318056;9.805689;3
122028028388424;1764839971974;0.058315184;0.124318056;9.805689;3
122028033358997;1764839971980;0.058315184;0.124318056;9.805689;3
122028038329570;1764839971984;0.058315184;0.124318056;9.805689;3
122028043300143;1764839971989;0.058315184;0.124318056;9.805689;3
122028048270716;1764839971994;0.058315184;0.124318056;9.805689;3
122028053241288;1764839971999;0.058315184;0.124318056;9.805689;3
122028058211861;1764839972004;0.058315184;0.124318056;9.805689;3
122028063182330;1764839972011;0.058315184;0.124318056;9.805689;3
122028068152643;1764839972014;0.058315184;0.124318056;9.805689;3
122028073122955;1764839972020;0.058315184;0.124318056;9.805689;3
122028078093268;1764839972024;0.058315184;0.124318056;9.805689;3
122028083063580;1764839972030;0.058315184;0.124318056;9.805689;3
122028088033893;1764839972035;0.058315184;0.124318056;9.805689;3
122028093004205;1764839972039;0.058315184;0.124318056;9.805689;3
122028097974518;1764839972045;0.058315184;0.124318056;9.805689;3
122028102944830;1764839972049;0.058315184;0.124318056;9.805689;3
122028107915143;1764839972054;0.058315184;0.124318056;9.805689;3
122028112885455;1764839972061;0.058315184;0.124318056;9.805689;3
122028117855768;1764839972063;0.058315184;0.124318056;9.805689;3
122028122826080;1764839972069;0.058315184;0.124318056;9.805689;3
122028127796393;1764839972074;0.058315184;0.124318056;9.805689;3
122028132766705;1764839972080;0.058315184;0.124318056;9.805689;3
122028137737018;1764839972083;0.058315184;0.124318056;9.805689;3
122028142707330;1764839972090;0.058315184;0.124318056;9.805689;3
122028147677643;1764839972094;0.058315184;0.124318056;9.805689;3
122028152647955;1764839972099;0.058315184;0.124318056;9.805689;3
122028157618268;1764839972104;0.058315184;0.124318056;9.805689;3
122028162588788;1764839972110;0.058315184;0.124318056;9.805689;3
122028167559361;1764839972114;0.058315184;0.124318056;9.805689;3
122028172529934;1764839972119;0.058315184;0.124318056;9.805689;3
122028177500507;1764839972125;0.058315184;0.124318056;9.805689;3
122028182471080;1764839972131;0.058315184;0.124318056;9.805689;3
122028187441653;1764839972133;0.058315184;0.124318056;9.805689;3
122028192412226;1764839972140;0.058315184;0.124318056;9.805689;3
122028197382799;1764839972143;0.058315184;0.124318056;9.805689;3
122028202353372;1764839972149;0.058315184;0.124318056;9.805689;3
122028207323945;1764839972153;0.058315184;0.124318056;9.805689;3
122028212294518;1764839972160;0.058315184;0.124318056;9.805689;3
122028217265091;1764839972163;0.058315184;0.124318056;9.805689;3
122028222235663;1764839972168;0.058315184;0.124318056;9.805689;3
122028227206236;1764839972173;0.058315184;0.124318056;9.805689;3
122028232176809;1764839972178;0.058315184;0.124318056;9.805689;3
122028237147382;1764839972183;0.058315184;0.124318056;9.805689;3
122028242117955;1764839972189;0.058315184;0.124318056;9.805689;3
122028247088528;1764839972194;0.058315184;0.124318056;9.805689;3
122028252059101;1764839972199;0.058315184;0.124318056;9.805689;3
122028257029674;1764839972202;0.058315184;0.124318056;9.805689;3
122028262000143;1764839972211;0.058315184;0.124318056;9.805689;3
122028266970455;1764839972213;0.058315184;0.124318056;9.805689;3
122028271940768;1764839972218;0.058315184;0.124318056;9.805689;3
122028276911080;1764839972223;0.058315184;0.124318056;9.805689;3
122028281881393;1764839972228;0.058315184;0.124318056;9.805689;3
122028286851705;1764839972232;0.058315184;0.124318056;9.805689;3
122028291822018;1764839972238;0.058315184;0.124318056;9.805689;3
122028296792330;1764839972243;0.058315184;0.124318056;9.805689;3
122028301762643;1764839972248;0.058315184;0.124318056;9.805689;3
122028306732955;1764839972253;0.058315184;0.124318056;9.805689;3
122028311703268;1764839972260;0.058315184;0.124318056;9.805689;3
122028316673580;1764839972263;0.058315184;0.124318056;9.805689;3
122028321643893;1764839972268;0.058315184;0.124318056;9.805689;3
122028326614205;1764839972272;0.058315184;0.124318056;9.805689;3
122028331584518;1764839972279;0.058315184;0.124318056;9.805689;3
122028336554830;1764839972282;0.058315184;0.124318056;9.805689;3
122028341525143;1764839972289;0.058315184;0.124318056;9.805689;3
122028346495455;1764839972293;0.058315184;0.124318056;9.805689;3
122028351465768;1764839972298;0.058315184;0.124318056;9.805689;3
122028356436236;1764839972301;0.058315184;0.124318056;9.805689;3
122028361406809;1764839972310;0.058315184;0.124318056;9.805689;3
122028366377382;1764839972312;0.058315184;0.124318056;9.805689;3
122028371347955;1764839972318;0.058315184;0.124318056;9.805689;3
122028376318528;1764839972322;0.058315184;0.124318056;9.805689;3
122028381289101;1764839972328;0.058315184;0.124318056;9.805689;3
122028386259674;1764839972333;0.058315184;0.124318056;9.805689;3
122028391230247;1764839972338;0.058315184;0.124318056;9.805689;3
122028396200820;1764839972343;0.058315184;0.124318056;9.805689;3
122028401171393;1764839972347;0.058315184;0.124318056;9.805689;3
122028406141966;1764839972352;0.058315184;0.124318056;9.805689;3
122028411112538;1764839972360;0.058315184;0.124318056;9.805689;3
122028416083111;1764839972362;0.058315184;0.124318056;9.805689;3
122028421053684;1764839972367;0.058315184;0.124318056;9.805689;3
122028426024257;1764839972373;0.058315184;0.124318056;9.805689;3
122028430994830;1764839972377;0.058315184;0.124318056;9.805689;3
122028435965403;1764839972382;0.058315184;0.124318056;9.805689;3
122028440935976;1764839972387;0.058315184;0.124318056;9.805689;3
122028445906549;1764839972393;0.058315184;0.124318056;9.805689;3
122028450877122;1764839972398;0.058315184;0.124318056;9.805689;3
122028455847695;1764839972401;0.058315184;0.124318056;9.805689;3
122028460818059;1764839972407;0.058315184;0.124318056;9.805689;3
122028465788372;1764839972412;0.058315184;0.124318056;9.805689;3
122028470758684;1764839972417;0.058315184;0.124318056;9.805689;3
122028475728997;1764839972421;0.058315184;0.124318056;9.805689;3
122028480699309;1764839972428;0.058315184;0.124318056;9.805689;3
122028485669622;1764839972431;0.058315184;0.124318056;9.805689;3
122028490639934;1764839972439;0.058315184;0.124318056;9.805689;3
122028495610247;1764839972441;0.058315184;0.124318056;9.805689;3
122028500580559;1764839972447;0.058315184;0.124318056;9.805689;3
122028505550872;1764839972450;0.058315184;0.124318056;9.805689;3
122028510521184;1764839972458;0.058315184;0.124318056;9.805689;3
122028515491497;1764839972465;0.058315184;0.124318056;9.805689;3
122028520461809;1764839972468;0.058315184;0.124318056;9.805689;3
122028525432122;1764839972471;0.058315184;0.124318056;9.805689;3
122028530402434;1764839972477;0.058315184;0.124318056;9.805689;3
122028535372747;1764839972481;0.058315184;0.124318056;9.805689;3
122028540343059;1764839972488;0.058315184;0.124318056;9.805689;3
122028545313372;1764839972491;0.058315184;0.124318056;9.805689;3
122028550283788;1764839972497;0.058315184;0.124318056;9.805689;3
122028555254361;1764839972501;0.058315184;0.124318056;9.805689;3
122028560224934;1764839972508;0.058315184;0.124318056;9.805689;3
122028565195507;1764839972515;0.058315184;0.124318056;9.805689;3
122028570166080;1764839972517;0.058315184;0.124318056;9.805689;3
122028575136653;1764839972520;0.058315184;0.124318056;9.805689;3
122028580107226;1764839972529;0.058315184;0.124318056;9.805689;3
122028585077799;1764839972530;0.058315184;0.124318056;9.805689;3
122028590048372;1764839972536;0.058315184;0.124318056;9.805689;3
122028595018945;1764839972541;0.058315184;0.124318056;9.805689;3
122028599989518;1764839972546;0.058315184;0.124318056;9.805689;3
122028604960091;1764839972550;0.058315184;0.124318056;9.805689;3
122028609930663;1764839972556;0.058315184;0.124318056;9.805689;3
122028614901236;1764839972565;0.058315184;0.124318056;9.805689;3
122028619871809;1764839972566;0.058315184;0.124318056;9.805689;3
122028624842382;1764839972570;0.058315184;0.124318056;9.805689;3
122028629812955;1764839972579;0.058315184;0.124318056;9.805689;3
122028634783528;1764839972580;0.058315184;0.124318056;9.805689;3
122028639754101;1764839972587;0.058315184;0.124318056;9.805689;3
122028644724674;1764839972591;0.058315184;0.124318056;9.805689;3
122028649695247;1764839972596;0.058315184;0.124318056;9.805689;3
122028654665820;1764839972600;0.058315184;0.124318056;9.805689;3
122028659636184;1764839972606;0.058315184;0.124318056;9.805689;3
122028664606497;1764839972613;0.058315184;0.124318056;9.805689;3
122028669576809;1764839972616;0.058315184;0.124318056;9.805689;3
122028674547122;1764839972622;0.058315184;0.124318056;9.805689;3
122028679517434;1764839972628;0.058315184;0.124318056;9.805689;3
122028684487747;1764839972630;0.058315184;0.124318056;9.805689;3
122028689458059;1764839972635;0.058315184;0.124318056;9.805689;3
122028694428372;1764839972641;0.058315184;0.124318056;9.805689;3
122028699398684;1764839972647;0.058315184;0.124318056;9.805689;3
122028704368997;1764839972651;0.058315184;0.124318056;9.805689;3
122028709339309;1764839972655;0.058315184;0.124318056;9.805689;3
122028714309622;1764839972659;0.058315184;0.124318056;9.805689;3
122028719279934;1764839972665;0.058315184;0.124318056;9.805689;3
122028724250247;1764839972669;0.058315184;0.124318056;9.805689;3
122028729220559;1764839972675;0.058315184;0.124318056;9.805689;3
122028734190872;1764839972680;0.058315184;0.124318056;9.805689;3
122028739161184;1764839972686;0.058315184;0.124318056;9.805689;3
122028744131549;1764839972691;0.058315184;0.124318056;9.805689;3
122028749102122;1764839972695;0.058315184;0.124318056;9.805689;3
122028754072695;1764839972700;0.058315184;0.124318056;9.805689;3
122028759043268;1764839972705;0.058315184;0.124318056;9.805689;3
122028764013841;1764839972709;0.058315184;0.124318056;9.805689;3
122028768984413;1764839972715;0.058315184;0.124318056;9.805689;3
122028773954986;1764839972719;0.058315184;0.124318056;9.805689;3
122028778925559;1764839972725;0.058315184;0.124318056;9.805689;3
122028783896132;1764839972729;0.058315184;0.124318056;9.805689;3
122028788866705;1764839972734;0.058315184;0.124318056;9.805689;3
122028793837278;1764839972741;0.058315184;0.124318056;9.805689;3
122028798807851;1764839972745;0.058315184;0.124318056;9.805689;3
122028803778424;1764839972752;0.058315184;0.124318056;9.805689;3
122028808748997;1764839972757;0.058315184;0.124318056;9.805689;3
122028813719570;1764839972760;0.058315184;0.124318056;9.805689;3
122028818690143;1764839972765;0.058315184;0.124318056;9.805689;3
122028823660716;1764839972769;0.058315184;0.124318056;9.805689;3
122028828631288;1764839972778;0.058315184;0.124318056;9.805689;3
122028833601861;1764839972780;0.058315184;0.124318056;9.805689;3
122028838572434;1764839972786;0.058315184;0.124318056;9.805689;3
122028843543007;1764839972789;0.058315184;0.124318056;9.805689;3
122028848513580;1764839972795;0.058315184;0.124318056;9.805689;3
122028853484153;1764839972799;0.058315184;0.124318056;9.805689;3
122028858454622;1764839972804;0.058315184;0.124318056;9.805689;3
122028863424934;1764839972811;0.058315184;0.124318056;9.805689;3
122028868395247;1764839972814;0.058315184;0.124318056;9.805689;3
122028873365559;1764839972819;0.058315184;0.124318056;9.805689;3
122028878335872;1764839972826;0.058315184;0.124318056;9.805689;3
122028883306184;1764839972828;0.058315184;0.124318056;9.805689;3
122028888276497;1764839972835;0.058315184;0.124318056;9.805689;3
122028893246809;1764839972839;0.058315184;0.124318056;9.805689;3
122028898217122;1764839972844;0.058315184;0.124318056;9.805689;3
122028903187434;1764839972849;0.058315184;0.124318056;9.805689;3
122028908157747;1764839972855;0.058315184;0.124318056;9.805689;3
122028913128059;1764839972858;0.058315184;0.124318056;9.805689;3
122028918098372;1764839972864;0.058315184;0.124318056;9.805689;3
122028923068684;1764839972870;0.058315184;0.124318056;9.805689;3
122028928038997;1764839972878;0.058315184;0.124318056;9.805689;3
122028933009309;1764839972878;0.058315184;0.124318056;9.805689;3
122028937979622;1764839972884;0.058315184;0.124318056;9.805689;3
122028942949986;1764839972890;0.058315184;0.124318056;9.805689;3
122028947920559;1764839972895;0.058315184;0.124318056;9.805689;3
122028952891132;1764839972899;0.058315184;0.124318056;9.805689;3
122028957861705;1764839972904;0.058315184;0.124318056;9.805689;3
122028962832278;1764839972909;0.058315184;0.124318056;9.805689;3
122028967802851;1764839972914;0.058315184;0.124318056;9.805689;3
122028972773424;1764839972918;0.058315184;0.124318056;9.805689;3
122028977743997;1764839972924;0.058315184;0.124318056;9.805689;3
122028982714570;1764839972928;0.058315184;0.124318056;9.805689;3
122028987685143;1764839972934;0.058315184;0.124318056;9.805689;3
122028992655716;1764839972945;0.058315184;0.124318056;9.805689;3
122028997626288;1764839972945;0.058315184;0.124318056;9.805689;3
122029002596861;1764839972948;0.058315184;0.124318056;9.805689;3
122029007567434;1764839972955;0.058315184;0.124318056;9.805689;3
122029012538007;1764839972960;0.058315184;0.124318056;9.805689;3
122029017508580;1764839972964;0.058315184;0.124318056;9.805689;3
122029022479153;1764839972968;0.058315184;0.124318056;9.805689;3
122029027449726;1764839972974;0.058315184;0.124318056;9.805689;3
122029032420299;1764839972978;0.058315184;0.124318056;9.805689;3
122029037390872;1764839972983;0.058315184;0.124318056;9.805689;3
122029042361445;1764839972997;0.058315184;0.124318056;9.805689;3
122029047332018;1764839972997;0.058315184;0.124318056;9.805689;3
122029052302591;1764839972998;0.058315184;0.124318056;9.805689;3
122029057273163;1764839973004;0.058315184;0.124318056;9.805689;3
122029062243684;1764839973015;0.058315184;0.124318056;9.805689;3
122029067213997;1764839973015;0.058315184;0.124318056;9.805689;3
122029072184309;1764839973017;0.058315184;0.124318056;9.805689;3
122029077154622;1764839973029;0.058315184;0.124318056;9.805689;3
122029082124934;1764839973029;0.058315184;0.124318056;9.805689;3
122029087095247;1764839973033;0.058315184;0.124318056;9.805689;3
122029092065559;1764839973039;0.058315184;0.124318056;9.805689;3
122029097035872;1764839973044;0.058315184;0.124318056;9.805689;3
122029102006184;1764839973047;0.058315184;0.124318056;9.805689;3
122029106976497;1764839973053;0.058315184;0.124318056;9.805689;3
122029111946809;1764839973058;0.058315184;0.124318056;9.805689;3
122029116917122;1764839973063;0.058315184;0.124318056;9.805689;3
122029121887434;1764839973067;0.058315184;0.124318056;9.805689;3
122029126857747;1764839973074;0.058315184;0.124318056;9.805689;3
122029131828059;1764839973078;0.058315184;0.124318056;9.805689;3
122029136798372;1764839973083;0.058315184;0.124318056;9.805689;3
122029141768684;1764839973087;0.058315184;0.124318056;9.805689;3
122029146739205;1764839973093;0.058315184;0.124318056;9.805689;3
122029151709778;1764839973097;0.058315184;0.124318056;9.805689;3
122029156680351;1764839973103;0.058315184;0.124318056;9.805689;3
122029161650924;1764839973107;0.058315184;0.124318056;9.805689;3
122029166621497;1764839973113;0.058315184;0.124318056;9.805689;3
122029171592070;1764839973117;0.058315184;0.124318056;9.805689;3
122029176562643;1764839973124;0.058315184;0.124318056;9.805689;3
122029181533216;1764839973127;0.058315184;0.124318056;9.805689;3
122029186503788;1764839973133;0.058315184;0.124318056;9.805689;3
122029191474361;1764839973138;0.058315184;0.124318056;9.805689;3
122029196444934;1764839973143;0.058315184;0.124318056;9.805689;3
122029201415507;1764839973147;0.058315184;0.124318056;9.805689;3
122029206386080;1764839973152;0.058315184;0.124318056;9.805689;3
122029211356653;1764839973162;0.058315184;0.124318056;9.805689;3
122029216327226;1764839973162;0.058315184;0.124318056;9.805689;3
122029221297799;1764839973167;0.058315184;0.124318056;9.805689;3
122029226268372;1764839973178;0.058315184;0.124318056;9.805689;3
122029231238945;1764839973178;0.058315184;0.124318056;9.805689;3
122029236209518;1764839973182;0.058315184;0.124318056;9.805689;3
122029241180091;1764839973186;0.058315184;0.124318056;9.805689;3
122029246150663;1764839973193;0.058315184;0.124318056;9.805689;3
122029251121236;1764839973196;0.058315184;0.124318056;9.805689;3
122029256091809;1764839973202;0.058315184;0.124318056;9.805689;3
122029261062382;1764839973207;0.058315184;0.124318056;9.805689;3
122029266032955;1764839973212;0.058315184;0.124318056;9.805689;3
122029271003372;1764839973216;0.058315184;0.124318056;9.805689;3
122029275973684;1764839973223;0.058315184;0.124318056;9.805689;3
122029280943997;1764839973226;0.058315184;0.124318056;9.805689;3
122029285914309;1764839973232;0.058315184;0.124318056;9.805689;3
122029290884622;1764839973237;0.058315184;0.124318056;9.805689;3
122029295854934;1764839973243;0.058315184;0.124318056;9.805689;3
122029300825247;1764839973247;0.058315184;0.124318056;9.805689;3
122029305795559;1764839973253;0.058315184;0.124318056;9.805689;3
122029310765872;1764839973259;0.058315184;0.124318056;9.805689;3
122029315736184;1764839973262;0.058315184;0.124318056;9.805689;3
122029320706497;1764839973266;0.058315184;0.124318056;9.805689;3
122029325676809;1764839973273;0.058315184;0.124318056;9.805689;3
122029330647122;1764839973276;0.058315184;0.124318056;9.805689;3
122029335617434;1764839973282;0.058315184;0.124318056;9.805689;3
122029340587747;1764839973287;0.058315184;0.124318056;9.805689;3
122029345558059;1764839973292;0.058315184;0.124318056;9.805689;3
122029350528528;1764839973296;0.058315184;0.124318056;9.805689;3
122029355499101;1764839973303;0.058315184;0.124318056;9.805689;3
122029360469674;1764839973307;0.058315184;0.124318056;9.805689;3
122029365440247;1764839973312;0.058315184;0.124318056;9.805689;3
122029370410820;1764839973316;0.058315184;0.124318056;9.805689;3
122029375381393;1764839973322;0.058315184;0.124318056;9.805689;3
122029380351966;1764839973326;0.058315184;0.124318056;9.805689;3
122029385322538;1764839973332;0.058315184;0.124318056;9.805689;3
122029390293111;1764839973336;0.058315184;0.124318056;9.805689;3
122029395263684;1764839973342;0.058315184;0.124318056;9.805689;3
122029400234257;1764839973346;0.058315184;0.124318056;9.805689;3
122029405204830;1764839973353;0.058315184;0.124318056;9.805689;3
122029410175403;1764839973359;0.058315184;0.124318056;9.805689;3
122029415145976;1764839973361;0.058315184;0.124318056;9.805689;3
122029420116549;1764839973365;0.058315184;0.124318056;9.805689;3
122029425087122;1764839973373;0.058315184;0.124318056;9.805689;3
122029430057695;1764839973376;0.058315184;0.124318056;9.805689;3
122029435028268;1764839973381;0.058315184;0.124318056;9.805689;3
122029439998841;1764839973386;0.058315184;0.124318056;9.805689;3
122029444969413;1764839973391;0.058315184;0.124318056;9.805689;3
122029449939986;1764839973395;0.058315184;0.124318056;9.805689;3
122029454910559;1764839973401;0.058315184;0.124318056;9.805689;3
122029459881132;1764839973413;0.058315184;0.124318056;9.805689;3
122029464851705;1764839973413;0.058315184;0.124318056;9.805689;3
122029469822278;1764839973416;0.058315184;0.124318056;9.805689;3
122029474792851;1764839973436;0.058315184;0.124318056;9.805689;3
122029479763424;1764839973436;0.058315184;0.124318056;9.805689;3
122029484733788;1764839973436;0.058315184;0.124318056;9.805689;3
122029489704101;1764839973436;0.058315184;0.124318056;9.805689;3
122029494674413;1764839973442;0.058315184;0.124318056;9.805689;3
122029499644726;1764839973446;0.058315184;0.124318056;9.805689;3
122029504615038;1764839973451;0.058315184;0.124318056;9.805689;3
122029509585351;1764839973456;0.058315184;0.124318056;9.805689;3
122029514555663;1764839973461;0.058315184;0.124318056;9.805689;3
122029519525976;1764839973465;0.058315184;0.124318056;9.805689;3
122029524496288;1764839973472;0.058315184;0.124318056;9.805689;3
122029529466601;1764839973475;0.058315184;0.124318056;9.805689;3
122029534436913;1764839973480;0.058315184;0.124318056;9.805689;3
122029539407226;1764839973485;0.058315184;0.124318056;9.805689;3
122029544377538;1764839973490;0.058315184;0.124318056;9.805689;3
122029549347851;1764839973495;0.058315184;0.124318056;9.805689;3
122029554318163;1764839973500;0.058315184;0.124318056;9.805689;3
122029559288632;1764839973505;0.058315184;0.124318056;9.805689;3
122029564259205;1764839973510;0.058315184;0.124318056;9.805689;3
122029569229778;1764839973515;0.058315184;0.124318056;9.805689;3
122029574200351;1764839973522;0.058315184;0.124318056;9.805689;3
122029579170924;1764839973525;0.058315184;0.124318056;9.805689;3
122029584141497;1764839973530;0.058315184;0.124318056;9.805689;3
122029589112070;1764839973536;0.058315184;0.124318056;9.805689;3
122029594082643;1764839973542;0.058315184;0.124318056;9.805689;3
122029599053216;1764839973546;0.058315184;0.124318056;9.805689;3
122029604023788;1764839973549;0.058315184;0.124318056;9.805689;3
122029608994361;1764839973565;0.058315184;0.124318056;9.805689;3
122029613964934;1764839973565;0.058315184;0.124318056;9.805689;3
122029618935507;1764839973565;0.058315184;0.124318056;9.805689;3
122029623906080;1764839973586;0.058315184;0.124318056;9.805689;3
122029628876653;1764839973586;0.058315184;0.124318056;9.805689;3
122029633847226;1764839973586;0.058315184;0.124318056;9.805689;3
122029638817799;1764839973586;0.058315184;0.124318056;9.805689;3
122029643788372;1764839973590;0.058315184;0.124318056;9.805689;3
122029648758945;1764839973594;0.058315184;0.124318056;9.805689;3
122029653729518;1764839973600;0.058315184;0.124318056;9.805689;3
122029658700091;1764839973608;0.058315184;0.124318056;9.805689;3
122029663670663;1764839973611;0.058315184;0.124318056;9.805689;3
122029668641236;1764839973615;0.058315184;0.124318056;9.805689;3
122029673611809;1764839973631;0.058315184;0.124318056;9.805689;3
122029678582382;1764839973631;0.058315184;0.124318056;9.805689;3
122029683552955;1764839973631;0.058315184;0.124318056;9.805689;3
122029688523528;1764839973634;0.058315184;0.124318056;9.805689;3
122029693494101;1764839973643;0.058315184;0.124318056;9.805689;3
122029698464674;1764839973644;0.058315184;0.124318056;9.805689;3
122029703435038;1764839973649;0.058315184;0.124318056;9.805689;3
122029708405351;1764839973654;0.058315184;0.124318056;9.805689;3
122029713375663;1764839973659;0.058315184;0.124318056;9.805689;3
122029718345976;1764839973664;0.058315184;0.124318056;9.805689;3
122029723316288;1764839973671;0.058315184;0.124318056;9.805689;3
122029728286601;1764839973674;0.058315184;0.124318056;9.805689;3
122029733256913;1764839973680;0.058315184;0.124318056;9.805689;3
122029738227226;1764839973685;0.058315184;0.124318056;9.805689;3
122029743197538;1764839973689;0.058315184;0.124318056;9.805689;3
122029748167851;1764839973696;0.058315184;0.124318056;9.805689;3
122029753138163;1764839973700;0.058315184;0.124318056;9.805689;3
122029758108476;1764839973713;0.058315184;0.124318056;9.805689;3
122029763078788;1764839973713;0.058315184;0.124318056;9.805689;3
122029768049101;1764839973713;0.058315184;0.124318056;9.805689;3
122029773019518;1764839973726;0.058315184;0.124318056;9.805689;3
122029777990091;1764839973726;0.058315184;0.124318056;9.805689;3
122029782960663;1764839973729;0.058315184;0.124318056;9.805689;3
122029787931236;1764839973734;0.058315184;0.124318056;9.805689;3
122029792901809;1764839973739;0.058315184;0.124318056;9.805689;3
122029797872382;1764839973743;0.058315184;0.124318056;9.805689;3
122029802842955;1764839973750;0.058315184;0.124318056;9.805689;3
122029807813528;1764839973754;0.058315184;0.124318056;9.805689;3
122029812784101;1764839973760;0.058315184;0.124318056;9.805689;3
122029817754674;1764839973763;0.058315184;0.124318056;9.805689;3
122029822725247;1764839973771;0.058315184;0.124318056;9.805689;3
122029827695820;1764839973773;0.058315184;0.124318056;9.805689;3
122029832666393;1764839973779;0.058315184;0.124318056;9.805689;3
122029837636966;1764839973783;0.058315184;0.124318056;9.805689;3
122029842607538;1764839973794;0.058315184;0.124318056;9.805689;3
122029847578111;1764839973794;0.058315184;0.124318056;9.805689;3
122029852548684;1764839973801;0.058315184;0.124318056;9.805689;3
122029857519257;1764839973825;0.058315184;0.124318056;9.805689;3
122029862489830;1764839973825;0.058315184;0.124318056;9.805689;3
122029867460403;1764839973825;0.058315184;0.124318056;9.805689;3
122029872430976;1764839973825;0.058315184;0.124318056;9.805689;3
122029877401549;1764839973825;0.058315184;0.124318056;9.805689;3
122029882372122;1764839973828;0.058315184;0.124318056;9.805689;3
122029887342695;1764839973833;0.058315184;0.124318056;9.805689;3
122029892313268;1764839973843;0.058315184;0.124318056;9.805689;3
122029897283841;1764839973843;0.058315184;0.124318056;9.805689;3
122029902254413;1764839973850;0.058315184;0.124318056;9.805689;3
122029907224986;1764839973855;0.058315184;0.124318056;9.805689;3
122029912195559;1764839973859;0.058315184;0.124318056;9.805689;3
122029917166132;1764839973862;0.058315184;0.124318056;9.805689;3
122029922136705;1764839973868;0.058315184;0.124318056;9.805689;3
122029927107226;1764839973872;0.058315184;0.124318056;9.805689;3
122029932077538;1764839973878;0.058315184;0.124318056;9.805689;3
122029937047851;1764839973882;0.058315184;0.124318056;9.805689;3
122029942018163;1764839973888;0.058315184;0.124318056;9.805689;3
122029946988476;1764839973892;0.058315184;0.124318056;9.805689;3
122029951958788;1764839973898;0.058315184;0.124318056;9.805689;3
122029956929101;1764839973905;0.058315184;0.124318056;9.805689;3
122029961899413;1764839973908;0.058315184;0.124318056;9.805689;3
122029966869726;1764839973913;0.058315184;0.124318056;9.805689;3
122029971840038;1764839973918;0.058315184;0.124318056;9.805689;3
122029976810351;1764839973925;0.058315184;0.124318056;9.805689;3
122029981780663;1764839973928;0.058315184;0.124318056;9.805689;3
122029986750976;1764839973934;0.058315184;0.124318056;9.805689;3
122029991721288;1764839973950;0.058315184;0.124318056;9.805689;3
122029996691653;1764839973950;0.058315184;0.124318056;9.805689;3
122030001662226;1764839973950;0.058315184;0.124318056;9.805689;3
122030006632799;1764839973963;0.058315184;0.124318056;9.805689;3
122030011603372;1764839973963;0.058315184;0.124318056;9.805689;3
122030016573945;1764839973963;0.058315184;0.124318056;9.805689;3
122030021544518;1764839973968;0.058315184;0.124318056;9.805689;3
122030026515091;1764839973976;0.058315184;0.124318056;9.805689;3
122030031485663;1764839973978;0.058315184;0.124318056;9.805689;3
122030036456236;1764839973982;0.058315184;0.124318056;9.805689;3
122030041426809;1764839973989;0.058315184;0.124318056;9.805689;3
122030046397382;1764839973992;0.058315184;0.124318056;9.805689;3
122030051367955;1764839973998;0.058315184;0.124318056;9.805689;3
122030056338528;1764839974004;0.058315184;0.124318056;9.805689;3
122030061309101;1764839974007;0.058315184;0.124318056;9.805689;3
122030066279674;1764839974012;0.058315184;0.124318056;9.805689;3
122030071250247;1764839974017;0.058315184;0.124318056;9.805689;3
122030076220820;1764839974021;0.058315184;0.124318056;9.805689;3
122030081191393;1764839974027;0.058315184;0.124318056;9.805689;3
122030086161966;1764839974031;0.058315184;0.124318056;9.805689;3
122030091132538;1764839974044;0.058315184;0.124318056;9.805689;3
122030096103111;1764839974044;0.058315184;0.124318056;9.805689;3
122030101073684;1764839974047;0.058315184;0.124318056;9.805689;3
122030106044257;1764839974058;0.058315184;0.124318056;9.805689;3
122030111014830;1764839974058;0.058315184;0.124318056;9.805689;3
122030115985403;1764839974061;0.058315184;0.124318056;9.805689;3
122030120955976;1764839974066;0.058315184;0.124318056;9.805689;3
122030125926549;1764839974072;0.058315184;0.124318056;9.805689;3
122030130897122;1764839974077;0.058315184;0.124318056;9.805689;3
122030135867695;1764839974083;0.058315184;0.124318056;9.805689;3
122030140838268;1764839974087;0.058315184;0.124318056;9.805689;3
122030145808841;1764839974091;0.058315184;0.124318056;9.805689;3
122030150779413;1764839974098;0.058315184;0.124318056;9.805689;3
122030155749986;1764839974105;0.058315184;0.124318056;9.805689;3
122030160720559;1764839974107;0.058315184;0.124318056;9.805689;3
122030165691132;1764839974112;0.058315184;0.124318056;9.805689;3
122030170661705;1764839974118;0.058315184;0.124318056;9.805689;3
122030175632018;1764839974122;0.058315184;0.124318056;9.805689;3
122030180602330;1764839974126;0.058315184;0.124318056;9.805689;3
122030185572643;1764839974131;0.058315184;0.124318056;9.805689;3
122030190542955;1764839974137;0.058315184;0.124318056;9.805689;3
122030195513268;1764839974141;0.058315184;0.124318056;9.805689;3
122030200483580;1764839974148;0.058315184;0.124318056;9.805689;3
122030205453893;1764839974150;0.058315184;0.124318056;9.805689;3
122030210424205;1764839974157;0.058315184;0.124318056;9.805689;3
122030215394518;1764839974160;0.058315184;0.124318056;9.805689;3
122030220364830;1764839974167;0.058315184;0.124318056;9.805689;3
122030225335143;1764839974171;0.058315184;0.124318056;9.805689;3
122030230305455;1764839974176;0.058315184;0.124318056;9.805689;3
122030235275768;1764839974180;0.058315184;0.124318056;9.805689;3
122030240246288;1764839974187;0.058315184;0.124318056;9.805689;3
122030245216861;1764839974190;0.058315184;0.124318056;9.805689;3
122030250187434;1764839974198;0.058315184;0.124318056;9.805689;3
122030255158007;1764839974200;0.058315184;0.124318056;9.805689;3
122030260128580;1764839974207;0.058315184;0.124318056;9.805689;3
122030265099153;1764839974210;0.058315184;0.124318056;9.805689;3
122030270069726;1764839974216;0.058315184;0.124318056;9.805689;3
122030275040299;1764839974220;0.058315184;0.124318056;9.805689;3
122030280010872;1764839974226;0.058315184;0.124318056;9.805689;3
122030284981445;1764839974230;0.058315184;0.124318056;9.805689;3
122030289952018;1764839974239;0.058315184;0.124318056;9.805689;3
122030294922591;1764839974241;0.058315184;0.124318056;9.805689;3
122030299893163;1764839974246;0.058315184;0.124318056;9.805689;3
122030304863736;1764839974250;0.058315184;0.124318056;9.805689;3
122030309834309;1764839974258;0.058315184;0.124318056;9.805689;3
122030314804882;1764839974261;0.058315184;0.124318056;9.805689;3
122030319775455;1764839974266;0.058315184;0.124318056;9.805689;3
122030324746028;1764839974276;0.058315184;0.124318056;9.805689;3
122030329716601;1764839974276;0.058315184;0.124318056;9.805689;3
122030334687174;1764839974280;0.058315184;0.124318056;9.805689;3
122030339657747;1764839974291;0.058315184;0.124318056;9.805689;3
122030344628320;1764839974291;0.058315184;0.124318056;9.805689;3
122030349598893;1764839974297;0.058315184;0.124318056;9.805689;3
122030354569466;1764839974300;0.058315184;0.124318056;9.805689;3
122030359540038;1764839974306;0.058315184;0.124318056;9.805689;3
122030364510611;1764839974310;0.058315184;0.124318056;9.805689;3
122030369481184;1764839974316;0.058315184;0.124318056;9.805689;3
122030374451757;1764839974320;0.058315184;0.124318056;9.805689;3
122030379422330;1764839974326;0.058315184;0.124318056;9.805689;3
122030384392903;1764839974330;0.058315184;0.124318056;9.805689;3
122030389363476;1764839974340;0.058315184;0.124318056;9.805689;3
122030394334049;1764839974340;0.058315184;0.124318056;9.805689;3
122030399304622;1764839974345;0.058315184;0.124318056;9.805689;3
122030404275195;1764839974354;0.058315184;0.124318056;9.805689;3
122030409245768;1764839974356;0.058315184;0.124318056;9.805689;3
122030414216341;1764839974360;0.058315184;0.124318056;9.805689;3
122030419186913;1764839974365;0.058315184;0.124318056;9.805689;3
122030424157486;1764839974372;0.058315184;0.124318056;9.805689;3
122030429128059;1764839974375;0.058315184;0.124318056;9.805689;3
122030434098632;1764839974379;0.058315184;0.124318056;9.805689;3
122030439069205;1764839974390;0.058315184;0.124318056;9.805689;3
122030444039518;1764839974390;0.058315184;0.124318056;9.805689;3
122030449009830;1764839974395;0.058315184;0.124318056;9.805689;3
122030453980143;1764839974400;0.058315184;0.124318056;9.805689;3
122030458950455;1764839974408;0.058315184;0.124318056;9.805689;3
122030463920768;1764839974410;0.058315184;0.124318056;9.805689;3
122030468891080;1764839974415;0.058315184;0.124318056;9.805689;3
122030473861393;1764839974426;0.058315184;0.124318056;9.805689;3
122030478831705;1764839974426;0.058315184;0.124318056;9.805689;3
122030483802018;1764839974429;0.058315184;0.124318056;9.805689;3
122030488772330;1764839974444;0.058315184;0.124318056;9.805689;3
122030493742643;1764839974444;0.058315184;0.124318056;9.805689;3
122030498712955;1764839974445;0.058315184;0.124318056;9.805689;3
122030503683424;1764839974449;0.058315184;0.124318056;9.805689;3
122030508653997;1764839974463;0.058315184;0.124318056;9.805689;3
122030513624570;1764839974463;0.058315184;0.124318056;9.805689;3
122030518595143;1764839974465;0.058315184;0.124318056;9.805689;3
122030523565716;1764839974481;0.058315184;0.124318056;9.805689;3
122030528536288;1764839974481;0.058315184;0.124318056;9.805689;3
122030533506861;1764839974481;0.058315184;0.124318056;9.805689;3
122030538477434;1764839974498;0.058315184;0.124318056;9.805689;3
122030543448007;1764839974498;0.058315184;0.124318056;9.805689;3
122030548418580;1764839974498;0.058315184;0.124318056;9.805689;3
122030553389153;1764839974499;0.058315184;0.124318056;9.805689;3
122030558359726;1764839974517;0.058315184;0.124318056;9.805689;3
122030563330299;1764839974517;0.058315184;0.124318056;9.805689;3
122030568300872;1764839974517;0.058315184;0.124318056;9.805689;3
122030573271445;1764839974519;0.058315184;0.124318056;9.805689;3
122030578242018;1764839974525;0.058315184;0.124318056;9.805689;3
122030583212591;1764839974529;0.058315184;0.124318056;9.805689;3
122030588183163;1764839974537;0.058315184;0.124318056;9.805689;3
122030593153736;1764839974539;0.058315184;0.124318056;9.805689;3
122030598124309;1764839974545;0.058315184;0.124318056;9.805689;3
122030603094882;1764839974549;0.058315184;0.124318056;9.805689;3
122030608065455;1764839974556;0.058315184;0.124318056;9.805689;3
122030613036028;1764839974558;0.058315184;0.124318056;9.805689;3
122030618006601;1764839974564;0.058315184;0.124318056;9.805689;3
122030622977174;1764839974574;0.058315184;0.124318056;9.805689;3
122030627947747;1764839974574;0.058315184;0.124318056;9.805689;3
122030632918320;1764839974579;0.058315184;0.124318056;9.805689;3
122030637888893;1764839974592;0.058315184;0.124318056;9.805689;3
122030642859466;1764839974592;0.058315184;0.124318056;9.805689;3
122030647830038;1764839974596;0.058315184;0.124318056;9.805689;3
122030652800611;1764839974598;0.058315184;0.124318056;9.805689;3
122030657771184;1764839974612;0.058315184;0.124318056;9.805689;3
122030662741757;1764839974612;0.058315184;0.124318056;9.805689;3
122030667712330;1764839974614;0.058315184;0.124318056;9.805689;3
122030672682903;1764839974618;0.058315184;0.124318056;9.805689;3
122030677653476;1764839974630;0.058315184;0.124318056;9.805689;3
122030682624049;1764839974630;0.058315184;0.124318056;9.805689;3
122030687594622;1764839974648;0.058315184;0.124318056;9.805689;3
122030692565195;1764839974648;0.058315184;0.124318056;9.805689;3
122030697535768;1764839974648;0.058315184;0.124318056;9.805689;3
122030702506341;1764839974648;0.058315184;0.124318056;9.805689;3
122030707476913;1764839974668;0.058315184;0.124318056;9.805689;3
122030712447486;1764839974668;0.058315184;0.124318056;9.805689;3
122030717418059;1764839974668;0.058315184;0.124318056;9.805689;3
122030722388632;1764839974668;0.058315184;0.124318056;9.805689;3
122030727359205;1764839974675;0.058315184;0.124318056;9.805689;3
122030732329778;1764839974677;0.058315184;0.124318056;9.805689;3
122030737300351;1764839974686;0.058315184;0.124318056;9.805689;3
122030742270924;1764839974687;0.058315184;0.124318056;9.805689;3
122030747241497;1764839974693;0.058315184;0.124318056;9.805689;3
122030752212018;1764839974698;0.058315184;0.124318056;9.805689;3
122030757182330;1764839974706;0.058315184;0.124318056;9.805689;3
122030762152643;1764839974707;0.058315184;0.124318056;9.805689;3
122030767122955;1764839974713;0.058315184;0.124318056;9.805689;3
122030772093268;1764839974723;0.058315184;0.124318056;9.805689;3
122030777063580;1764839974723;0.058315184;0.124318056;9.805689;3
122030782033893;1764839974728;0.058315184;0.124318056;9.805689;3
122030787004205;1764839974742;0.058315184;0.124318056;9.805689;3
122030791974518;1764839974742;0.058315184;0.124318056;9.805689;3
122030796944830;1764839974743;0.058315184;0.124318056;9.805689;3
122030801915143;1764839974747;0.058315184;0.124318056;9.805689;3
122030806885455;1764839974761;0.058315184;0.124318056;9.805689;3
122030811855924;1764839974761;0.058315184;0.124318056;9.805689;3
122030816826497;1764839974763;0.058315184;0.124318056;9.805689;3
122030821797070;1764839974781;0.058315184;0.124318056;9.805689;3
122030826767643;1764839974781;0.058315184;0.124318056;9.805689;3
122030831738216;1764839974781;0.058315184;0.124318056;9.805689;3
122030836708788;1764839974799;0.058315184;0.124318056;9.805689;3
122030841679361;1764839974799;0.058315184;0.124318056;9.805689;3
122030846649934;1764839974799;0.058315184;0.124318056;9.805689;3
122030851620507;1764839974799;0.058315184;0.124318056;9.805689;3
122030856591080;1764839974803;0.058315184;0.124318056;9.805689;3
122030861561653;1764839974807;0.058315184;0.124318056;9.805689;3
122030866532226;1764839974813;0.058315184;0.124318056;9.805689;3
122030871502799;1764839974818;0.058315184;0.124318056;9.805689;3
122030876473372;1764839974822;0.058315184;0.124318056;9.805689;3
122030881443945;1764839974827;0.058315184;0.124318056;9.805689;3
122030886414518;1764839974838;0.058315184;0.124318056;9.805689;3
122030891385091;1764839974838;0.058315184;0.124318056;9.805689;3
122030896355663;1764839974842;0.058315184;0.124318056;9.805689;3
122030901326236;1764839974846;0.058315184;0.124318056;9.805689;3
122030906296809;1764839974857;0.058315184;0.124318056;9.805689;3
122030911267382;1764839974857;0.058315184;0.124318056;9.805689;3
122030916237955;1764839974862;0.058315184;0.124318056;9.805689;3
122030921208528;1764839974877;0.058315184;0.124318056;9.805689;3
122030926179101;1764839974877;0.058315184;0.124318056;9.805689;3
122030931149674;1764839974877;0.058315184;0.124318056;9.805689;3
122030936120247;1764839974899;0.058315184;0.124318056;9.805689;3
122030941090820;1764839974899;0.058315184;0.124318056;9.805689;3
122030946061393;1764839974899;0.058315184;0.124318056;9.805689;3
122030951031966;1764839974899;0.058315184;0.124318056;9.805689;3
122030956002538;1764839974902;0.058315184;0.124318056;9.805689;3
122030960973111;1764839974906;0.058315184;0.124318056;9.805689;3
122030965943684;1764839974912;0.058315184;0.124318056;9.805689;3
122030970914257;1764839974918;0.058315184;0.124318056;9.805689;3
122030975884830;1764839974922;0.058315184;0.124318056;9.805689;3
122030980855403;1764839974927;0.058315184;0.124318056;9.805689;3
122030985825976;1764839974938;0.058315184;0.124318056;9.805689;3
122030990796549;1764839974938;0.058315184;0.124318056;9.805689;3
122030995767122;1764839974942;0.058315184;0.124318056;9.805689;3
122031000737695;1764839974946;0.058315184;0.124318056;9.805689;3
122031005708268;1764839974960;0.058315184;0.124318056;9.805689;3
122031010678841;1764839974960;0.058315184;0.124318056;9.805689;3
122031015649413;1764839974962;0.058315184;0.124318056;9.805689;3
122031020619986;1764839974978;0.058315184;0.124318056;9.805689;3
122031025590559;1764839974978;0.058315184;0.124318056;9.805689;3
122031030561132;1764839974978;0.058315184;0.124318056;9.805689;3
122031035531705;1764839974997;0.058315184;0.124318056;9.805689;3
122031040502278;1764839974997;0.058315184;0.124318056;9.805689;3
122031045472851;1764839974997;0.058315184;0.124318056;9.805689;3
122031050443424;1764839974997;0.058315184;0.124318056;9.805689;3
122031055413997;1764839975002;0.058315184;0.124318056;9.805689;3
122031060384570;1764839975006;0.058315184;0.124318056;9.805689;3
122031065355143;1764839975012;0.058315184;0.124318056;9.805689;3
122031070325716;1764839975018;0.058315184;0.124318056;9.805689;3
122031075296288;1764839975021;0.058315184;0.124318056;9.805689;3
122031080266861;1764839975026;0.058315184;0.124318056;9.805689;3
122031085237434;1764839975039;0.058315184;0.124318056;9.805689;3
122031090208007;1764839975039;0.058315184;0.124318056;9.805689;3
122031095178580;1764839975042;0.058315184;0.124318056;9.805689;3
122031100149153;1764839975046;0.058315184;0.124318056;9.805689;3
122031105119726;1764839975059;0.058315184;0.124318056;9.805689;3
122031110090299;1764839975059;0.058315184;0.124318056;9.805689;3
122031115060872;1764839975061;0.058315184;0.124318056;9.805689;3
122031120031445;1764839975079;0.058315184;0.124318056;9.805689;3
122031125002018;1764839975079;0.058315184;0.124318056;9.805689;3
122031129972591;1764839975079;0.058315184;0.124318056;9.805689;3
122031134943163;1764839975099;0.058315184;0.124318056;9.805689;3
122031139913736;1764839975099;0.058315184;0.124318056;9.805689;3
122031144884309;1764839975099;0.058315184;0.124318056;9.805689;3
122031149854882;1764839975099;0.058315184;0.124318056;9.805689;3
122031154825455;1764839975101;0.058315184;0.124318056;9.805689;3
122031159796028;1764839975105;0.058315184;0.124318056;9.805689;3
122031164766601;1764839975111;0.058315184;0.124318056;9.805689;3
122031169737174;1764839975119;0.058315184;0.124318056;9.805689;3
122031174707747;1764839975122;0.058315184;0.124318056;9.805689;3
122031179678320;1764839975126;0.058315184;0.124318056;9.805689;3
122031184648893;1764839975131;0.058315184;0.124318056;9.805689;3
122031189619466;1764839975140;0.058315184;0.124318056;9.805689;3
122031194590038;1764839975141;0.058315184;0.124318056;9.805689;3
122031199560611;1764839975144;0.058315184;0.124318056;9.805689;3
122031204530976;1764839975161;0.058315184;0.124318056;9.805689;3
122031209501288;1764839975161;0.058315184;0.124318056;9.805689;3
122031214471601;1764839975161;0.058315184;0.124318056;9.805689;3
122031219441913;1764839975182;0.058315184;0.124318056;9.805689;3
122031224412226;1764839975182;0.058315184;0.124318056;9.805689;3
122031229382538;1764839975182;0.058315184;0.124318056;9.805689;3
122031234352851;1764839975182;0.058315184;0.124318056;9.805689;3
122031239323163;1764839975185;0.058315184;0.124318056;9.805689;3
122031244293476;1764839975190;0.058315184;0.124318056;9.805689;3
122031249263788;1764839975195;0.058315184;0.124318056;9.805689;3
122031254234101;1764839975203;0.058315184;0.124318056;9.805689;3
122031259204674;1764839975205;0.058315184;0.124318056;9.805689;3
122031264175247;1764839975210;0.058315184;0.124318056;9.805689;3
122031269145820;1764839975226;0.058315184;0.124318056;9.805689;3
122031274116393;1764839975226;0.058315184;0.124318056;9.805689;3
122031279086966;1764839975226;0.058315184;0.124318056;9.805689;3
122031284057538;1764839975248;0.058315184;0.124318056;9.805689;3
122031289028111;1764839975248;0.058315184;0.124318056;9.805689;3
122031293998684;1764839975248;0.058315184;0.124318056;9.805689;3
122031298969257;1764839975248;0.058315184;0.124318056;9.805689;3
122031303939830;1764839975250;0.058315184;0.124318056;9.805689;3
122031308910403;1764839975254;0.058315184;0.124318056;9.805689;3
122031313880976;1764839975260;0.058315184;0.124318056;9.805689;3
122031318851549;1764839975268;0.058315184;0.124318056;9.805689;3
122031323822122;1764839975270;0.058315184;0.124318056;9.805689;3
122031328792695;1764839975275;0.058315184;0.124318056;9.805689;3
122031333763268;1764839975290;0.058315184;0.124318056;9.805689;3
122031338733841;1764839975290;0.058315184;0.124318056;9.805689;3
122031343704413;1764839975290;0.058315184;0.124318056;9.805689;3
122031348674986;1764839975294;0.058315184;0.124318056;9.805689;3
122031353645559;1764839975311;0.058315184;0.124318056;9.805689;3
122031358616132;1764839975311;0.058315184;0.124318056;9.805689;3
122031363586705;1764839975311;0.058315184;0.124318056;9.805689;3
122031368557278;1764839975314;0.058315184;0.124318056;9.805689;3
122031373527851;1764839975332;0.058315184;0.124318056;9.805689;3
122031378498424;1764839975332;0.058315184;0.124318056;9.805689;3
122031383468997;1764839975332;0.058315184;0.124318056;9.805689;3
122031388439570;1764839975334;0.058315184;0.124318056;9.805689;3
122031393410143;1764839975340;0.058315184;0.124318056;9.805689;3
122031398380716;1764839975344;0.058315184;0.124318056;9.805689;3
122031403351288;1764839975354;0.058315184;0.124318056;9.805689;3
122031408321861;1764839975354;0.058315184;0.124318056;9.805689;3
122031413292434;1764839975360;0.058315184;0.124318056;9.805689;3
122031418263007;1764839975363;0.058315184;0.124318056;9.805689;3
122031423233580;1764839975375;0.058315184;0.124318056;9.805689;3
122031428204153;1764839975375;0.058315184;0.124318056;9.805689;3
122031433174726;1764839975379;0.058315184;0.124318056;9.805689;3
122031438145299;1764839975397;0.058315184;0.124318056;9.805689;3
122031443115872;1764839975397;0.058315184;0.124318056;9.805689;3
122031448086445;1764839975397;0.058315184;0.124318056;9.805689;3
122031453057018;1764839975399;0.058315184;0.124318056;9.805689;3
122031458027591;1764839975404;0.058315184;0.124318056;9.805689;3
122031462998163;1764839975411;0.058315184;0.124318056;9.805689;3
122031467968736;1764839975413;0.058315184;0.124318056;9.805689;3
122031472939309;1764839975419;0.058315184;0.124318056;9.805689;3
122031477909882;1764839975423;0.058315184;0.124318056;9.805689;3
122031482880455;1764839975430;0.058315184;0.124318056;9.805689;3
122031487851028;1764839975439;0.058315184;0.124318056;9.805689;3
122031492821601;1764839975439;0.058315184;0.124318056;9.805689;3
122031497792174;1764839975443;0.058315184;0.124318056;9.805689;3
122031502762747;1764839975461;0.058315184;0.124318056;9.805689;3
122031507733320;1764839975461;0.058315184;0.124318056;9.805689;3
122031512703893;1764839975461;0.058315184;0.124318056;9.805689;3
122031517674466;1764839975463;0.058315184;0.124318056;9.805689;3
122031522645038;1764839975483;0.058315184;0.124318056;9.805689;3
122031527615611;1764839975483;0.058315184;0.124318056;9.805689;3
122031532586184;1764839975483;0.058315184;0.124318056;9.805689;3
122031537556757;1764839975483;0.058315184;0.124318056;9.805689;3
122031542527330;1764839975488;0.058315184;0.124318056;9.805689;3
122031547497903;1764839975493;0.058315184;0.124318056;9.805689;3
122031552468476;1764839975506;0.058315184;0.124318056;9.805689;3
122031557439049;1764839975506;0.058315184;0.124318056;9.805689;3
122031562409622;1764839975508;0.058315184;0.124318056;9.805689;3
122031567380195;1764839975528;0.058315184;0.124318056;9.805689;3
122031572350768;1764839975528;0.058315184;0.124318056;9.805689;3
122031577321341;1764839975528;0.058315184;0.124318056;9.805689;3
122031582291913;1764839975528;0.058315184;0.124318056;9.805689;3
122031587262486;1764839975550;0.058315184;0.124318056;9.805689;3
122031592233059;1764839975550;0.058315184;0.124318056;9.805689;3
122031597203632;1764839975550;0.058315184;0.124318056;9.805689;3
122031602174205;1764839975550;0.058315184;0.124318056;9.805689;3
122031607144778;1764839975553;0.058315184;0.124318056;9.805689;3
122031612115351;1764839975558;0.058315184;0.124318056;9.805689;3
122031617085924;1764839975563;0.058315184;0.124318056;9.805689;3
122031622056497;1764839975571;0.058315184;0.124318056;9.805689;3
122031627027070;1764839975573;0.058315184;0.124318056;9.805689;3
122031631997643;1764839975579;0.058315184;0.124318056;9.805689;3
122031636968216;1764839975594;0.058315184;0.124318056;9.805689;3
122031641938788;1764839975594;0.058315184;0.124318056;9.805689;3
122031646909361;1764839975594;0.058315184;0.124318056;9.805689;3
122031651879934;1764839975616;0.058315184;0.124318056;9.805689;3
122031656850507;1764839975616;0.058315184;0.124318056;9.805689;3
122031661821080;1764839975616;0.058315184;0.124318056;9.805689;3
122031666791653;1764839975616;0.058315184;0.124318056;9.805689;3
122031671762226;1764839975618;0.058315184;0.124318056;9.805689;3
122031676732799;1764839975622;0.058315184;0.124318056;9.805689;3
122031681703372;1764839975628;0.058315184;0.124318056;9.805689;3
122031686673945;1764839975638;0.058315184;0.124318056;9.805689;3
122031691644518;1764839975638;0.058315184;0.124318056;9.805689;3
122031696615091;1764839975644;0.058315184;0.124318056;9.805689;3
122031701585663;1764839975659;0.058315184;0.124318056;9.805689;3
122031706556236;1764839975659;0.058315184;0.124318056;9.805689;3
122031711526809;1764839975659;0.058315184;0.124318056;9.805689;3
122031716497382;1764839975662;0.058315184;0.124318056;9.805689;3
122031721467955;1764839975683;0.058315184;0.124318056;9.805689;3
122031726438528;1764839975683;0.058315184;0.124318056;9.805689;3
122031731409101;1764839975683;0.058315184;0.124318056;9.805689;3
122031736379674;1764839975683;0.058315184;0.124318056;9.805689;3
122031741350247;1764839975688;0.058315184;0.124318056;9.805689;3
122031746320820;1764839975692;0.058315184;0.124318056;9.805689;3
122031751291393;1764839975705;0.058315184;0.124318056;9.805689;3
122031756261966;1764839975705;0.058315184;0.124318056;9.805689;3
122031761232538;1764839975707;0.058315184;0.124318056;9.805689;3
122031766203111;1764839975712;0.058315184;0.124318056;9.805689;3
122031771173684;1764839975727;0.058315184;0.124318056;9.805689;3
122031776144257;1764839975727;0.058315184;0.124318056;9.805689;3
122031781114830;1764839975727;0.058315184;0.124318056;9.805689;3
122031786085403;1764839975749;0.058315184;0.124318056;9.805689;3
122031791055976;1764839975749;0.058315184;0.124318056;9.805689;3
122031796026549;1764839975749;0.058315184;0.124318056;9.805689;3
122031800997122;1764839975749;0.058315184;0.124318056;9.805689;3
122031805967695;1764839975751;0.058315184;0.124318056;9.805689;3
122031810938268;1764839975757;0.058315184;0.124318056;9.805689;3
122031815908841;1764839975762;0.058315184;0.124318056;9.805689;3
122031820879413;1764839975771;0.058315184;0.124318056;9.805689;3
122031825849986;1764839975771;0.058315184;0.124318056;9.805689;3
122031830820559;1764839975778;0.058315184;0.124318056;9.805689;3
122031835791132;1764839975794;0.058315184;0.124318056;9.805689;3
122031840761705;1764839975794;0.058315184;0.124318056;9.805689;3
122031845732278;1764839975794;0.058315184;0.124318056;9.805689;3
122031850702851;1764839975817;0.058315184;0.124318056;9.805689;3
122031855673424;1764839975817;0.058315184;0.124318056;9.805689;3
122031860643997;1764839975817;0.058315184;0.124318056;9.805689;3
122031865614570;1764839975817;0.058315184;0.124318056;9.805689;3
122031870584860;1764839975817;0.058315184;0.124318056;9.805689;3
122031875555328;1764839975822;0.058315184;0.124318056;9.805689;3
122031880525900;1764839975827;0.058315184;0.124318056;9.805689;3
122031885496473;1764839975839;0.058315184;0.124318056;9.805689;3
122031890467046;1764839975839;0.058315184;0.124318056;9.805689;3
122031895437619;1764839975840;0.058315184;0.124318056;9.805689;3
122031900408192;1764839975862;0.058315184;0.124318056;9.805689;3
122031905378765;1764839975862;0.058315184;0.124318056;9.805689;3
122031910349338;1764839975862;0.058315184;0.124318056;9.805689;3
122031915319911;1764839975862;0.058315184;0.124318056;9.805689;3
122031920290484;1764839975866;0.058315184;0.124318056;9.805689;3
122031925261057;1764839975870;0.058315184;0.124318056;9.805689;3
122031930231630;1764839975877;0.058315184;0.124318056;9.805689;3
122031935202203;1764839975885;0.058315184;0.124318056;9.805689;3
122031940172775;1764839975886;0.058315184;0.124318056;9.805689;3
122031945143348;1764839975890;0.058315184;0.124318056;9.805689;3
122031950113921;1764839975908;0.058315184;0.124318056;9.805689;3
122031955084494;1764839975908;0.058315184;0.124318056;9.805689;3
122031960055067;1764839975908;0.058315184;0.124318056;9.805689;3
122031965025640;1764839975910;0.058315184;0.124318056;9.805689;3
122031969996213;1764839975933;0.058315184;0.124318056;9.805689;3
122031974967046;1764839975933;0.058315184;0.124318056;9.805689;3
122031979937880;1764839975933;0.058315184;0.124318056;9.805689;3
122031984908713;1764839975933;0.058315184;0.124318056;9.805689;3
122031989879546;1764839975937;0.058315184;0.124318056;9.805689;3
122031994850380;1764839975940;0.058315184;0.124318056;9.805689;3
122031999821213;1764839975955;0.058315184;0.124318056;9.805689;3
122032004792046;1764839975955;0.058315184;0.124318056;9.805689;3
122032009762880;1764839975957;0.058315184;0.124318056;9.805689;3
122032014733713;1764839975960;0.058315184;0.124318056;9.805689;3
122032019704546;1764839975994;0.058315184;0.124318056;9.805689;3
122032024675328;1764839975994;0.058315184;0.124318056;9.805689;3
122032029645900;1764839975994;0.058315184;0.124318056;9.805689;3
122032034616473;1764839975994;0.058315184;0.124318056;9.805689;3
122032039587046;1764839975994;0.058315184;0.124318056;9.805689;3
122032044557619;1764839975994;0.058315184;0.124318056;9.805689;3
122032049528192;1764839975996;0.058315184;0.124318056;9.805689;3
122032054498765;1764839976000;0.058315184;0.124318056;9.805689;3
122032059469338;1764839976006;0.058315184;0.124318056;9.805689;3
122032064439911;1764839976010;0.058315184;0.124318056;9.805689;3
122032069410484;1764839976021;0.058315184;0.124318056;9.805689;3
122032074381057;1764839976021;0.058315184;0.124318056;9.805689;3
122032079351630;1764839976025;0.058315184;0.124318056;9.805689;3
122032084322203;1764839976056;0.058315184;0.124318056;9.805689;3
122032089292775;1764839976056;0.058315184;0.124318056;9.805689;3
122032094263348;1764839976056;0.058315184;0.124318056;9.805689;3
122032099233921;1764839976056;0.058315184;0.124318056;9.805689;3
122032104204494;1764839976056;0.058315184;0.124318056;9.805689;3
122032109175067;1764839976056;0.058315184;0.124318056;9.805689;3
122032114145640;1764839976060;0.058315184;0.124318056;9.805689;3
122032119116213;1764839976083;0.058315184;0.124318056;9.805689;3
122032124086786;1764839976083;0.058315184;0.124318056;9.805689;3
122032129057359;1764839976083;0.058315184;0.124318056;9.805689;3
122032134027932;1764839976083;0.058315184;0.124318056;9.805689;3
122032138998505;1764839976085;0.058315184;0.124318056;9.805689;3
122032143969078;1764839976090;0.058315184;0.124318056;9.805689;3
122032148939650;1764839976110;0.058315184;0.124318056;9.805689;3
122032153910223;1764839976110;0.058315184;0.124318056;9.805689;3
122032158880796;1764839976110;0.058315184;0.124318056;9.805689;3
122032163851369;1764839976110;0.058315184;0.124318056;9.805689;3
122032168821942;1764839976115;0.058315184;0.124318056;9.805689;3
122032173792515;1764839976119;0.058315184;0.124318056;9.805689;3
122032178763088;1764839976125;0.058315184;0.124318056;9.805689;3
122032183733661;1764839976137;0.058315184;0.124318056;9.805689;3
122032188704234;1764839976137;0.058315184;0.124318056;9.805689;3
122032193674807;1764839976139;0.058315184;0.124318056;9.805689;3
122032198645380;1764839976165;0.058315184;0.124318056;9.805689;3
122032203615953;1764839976165;0.058315184;0.124318056;9.805689;3
122032208586525;1764839976165;0.058315184;0.124318056;9.805689;3
122032213557098;1764839976165;0.058315184;0.124318056;9.805689;3
122032218527671;1764839976165;0.058315184;0.124318056;9.805689;3
122032223498244;1764839976169;0.058315184;0.124318056;9.805689;3
122032228468817;1764839976174;0.058315184;0.124318056;9.805689;3
122032233439390;1764839976199;0.058315184;0.124318056;9.805689;3
122032238409963;1764839976199;0.058315184;0.124318056;9.805689;3
122032243380536;1764839976199;0.058315184;0.124318056;9.805689;3
122032248351109;1764839976199;0.058315184;0.124318056;9.805689;3
122032253321682;1764839976199;0.058315184;0.124318056;9.805689;3
122032258292255;1764839976205;0.058315184;0.124318056;9.805689;3
122032263262828;1764839976209;0.058315184;0.124318056;9.805689;3
122032268233400;1764839976230;0.058315184;0.124318056;9.805689;3
122032273203973;1764839976230;0.058315184;0.124318056;9.805689;3
122032278174546;1764839976230;0.058315184;0.124318056;9.805689;3
122032283145119;1764839976230;0.058315184;0.124318056;9.805689;3
122032288115692;1764839976234;0.058315184;0.124318056;9.805689;3
122032293086265;1764839976240;0.058315184;0.124318056;9.805689;3
122032298056838;1764839976244;0.058315184;0.124318056;9.805689;3
122032303027411;1764839976259;0.058315184;0.124318056;9.805689;3
122032307997984;1764839976259;0.058315184;0.124318056;9.805689;3
122032312968557;1764839976259;0.058315184;0.124318056;9.805689;3
122032317939130;1764839976288;0.058315184;0.124318056;9.805689;3
122032322909703;1764839976288;0.058315184;0.124318056;9.805689;3
122032327880275;1764839976288;0.058315184;0.124318056;9.805689;3
122032332850848;1764839976288;0.058315184;0.124318056;9.805689;3
122032337821421;1764839976288;0.058315184;0.124318056;9.805689;3
122032342791994;1764839976288;0.058315184;0.124318056;9.805689;3
122032347762567;1764839976294;0.058315184;0.124318056;9.805689;3
122032352733140;1764839976316;0.058315184;0.124318056;9.805689;3
122032357703713;1764839976316;0.058315184;0.124318056;9.805689;3
122032362674286;1764839976316;0.058315184;0.124318056;9.805689;3
122032367644859;1764839976316;0.058315184;0.124318056;9.805689;3
122032372615432;1764839976318;0.058315184;0.124318056;9.805689;3
122032377586005;1764839976324;0.058315184;0.124318056;9.805689;3
122032382556578;1764839976343;0.058315184;0.124318056;9.805689;3
122032387527150;1764839976343;0.058315184;0.124318056;9.805689;3
122032392497723;1764839976343;0.058315184;0.124318056;9.805689;3
122032397468296;1764839976344;0.058315184;0.124318056;9.805689;3
122032402438869;1764839976348;0.058315184;0.124318056;9.805689;3
122032407409442;1764839976354;0.058315184;0.124318056;9.805689;3
122032412380015;1764839976359;0.058315184;0.124318056;9.805689;3
122032417350588;1764839976371;0.058315184;0.124318056;9.805689;3
122032422321421;1764839976371;0.058315184;0.124318056;9.805689;3
122032427292255;1764839976374;0.058315184;0.124318056;9.805689;3
122032432263088;1764839976399;0.058315184;0.124318056;9.805689;3
122032437233921;1764839976399;0.058315184;0.124318056;9.805689;3
122032442204755;1764839976399;0.058315184;0.124318056;9.805689;3
122032447175588;1764839976399;0.058315184;0.124318056;9.805689;3
122032452146421;1764839976399;0.058315184;0.124318056;9.805689;3
122032457117255;1764839976404;0.058315184;0.124318056;9.805689;3
122032462088088;1764839976408;0.058315184;0.124318056;9.805689;3
122032467058921;1764839976424;0.058315184;0.124318056;9.805689;3
122032472029755;1764839976424;0.058315184;0.124318056;9.805689;3
122032477000588;1764839976424;0.058315184;0.124318056;9.805689;3
122032481971161;1764839976447;0.058315184;0.124318056;9.805689;3
122032486941734;1764839976447;0.058315184;0.124318056;9.805689;3
122032491912307;1764839976447;0.058315184;0.124318056;9.805689;3
122032496882880;1764839976447;0.058315184;0.124318056;9.805689;3
122032501853453;1764839976448;0.058315184;0.124318056;9.805689;3
122032506824025;1764839976453;0.058315184;0.124318056;9.805689;3
122032511794598;1764839976457;0.058315184;0.124318056;9.805689;3
122032516765171;1764839976472;0.058315184;0.124318056;9.805689;3
122032521735744;1764839976472;0.058315184;0.124318056;9.805689;3
122032526706317;1764839976473;0.058315184;0.124318056;9.805689;3
122032531676890;1764839976496;0.058315184;0.124318056;9.805689;3
122032536647463;1764839976496;0.058315184;0.124318056;9.805689;3
122032541618036;1764839976496;0.058315184;0.124318056;9.805689;3
122032546588609;1764839976496;0.058315184;0.124318056;9.805689;3
122032551559182;1764839976497;0.058315184;0.124318056;9.805689;3
122032556529755;1764839976503;0.058315184;0.124318056;9.805689;3
122032561500328;1764839976507;0.058315184;0.124318056;9.805689;3
122032566470900;1764839976521;0.058315184;0.124318056;9.805689;3
122032571441473;1764839976521;0.058315184;0.124318056;9.805689;3
122032576412046;1764839976523;0.058315184;0.124318056;9.805689;3
122032581382619;1764839976545;0.058315184;0.124318056;9.805689;3
122032586353192;1764839976545;0.058315184;0.124318056;9.805689;3
122032591323765;1764839976545;0.058315184;0.124318056;9.805689;3
122032596294338;1764839976545;0.058315184;0.124318056;9.805689;3
122032601264911;1764839976547;0.058315184;0.124318056;9.805689;3
122032606235484;1764839976553;0.058315184;0.124318056;9.805689;3
122032611206057;1764839976557;0.058315184;0.124318056;9.805689;3
122032616176630;1764839976570;0.058315184;0.124318056;9.805689;3
122032621147203;1764839976570;0.058315184;0.124318056;9.805689;3
122032626117775;1764839976572;0.058315184;0.124318056;9.805689;3
122032631088348;1764839976595;0.058315184;0.124318056;9.805689;3
122032636058921;1764839976595;0.058315184;0.124318056;9.805689;3
122032641029494;1764839976595;0.058315184;0.124318056;9.805689;3
122032646000067;1764839976595;0.058315184;0.124318056;9.805689;3
122032650970640;1764839976596;0.058315184;0.124318056;9.805689;3
122032655941213;1764839976602;0.058315184;0.124318056;9.805689;3
122032660911786;1764839976607;0.058315184;0.124318056;9.805689;3
122032665882359;1764839976621;0.058315184;0.124318056;9.805689;3
122032670852932;1764839976621;0.058315184;0.124318056;9.805689;3
122032675823505;1764839976621;0.058315184;0.124318056;9.805689;3
122032680794078;1764839976648;0.058315184;0.124318056;9.805689;3
122032685764650;1764839976648;0.058315184;0.124318056;9.805689;3
122032690735223;1764839976648;0.058315184;0.124318056;9.805689;3
122032695705796;1764839976648;0.058315184;0.124318056;9.805689;3
122032700676369;1764839976648;0.058315184;0.124318056;9.805689;3
122032705646942;1764839976652;0.058315184;0.124318056;9.805689;3
122032710617515;1764839976656;0.058315184;0.124318056;9.805689;3
122032715588088;1764839976672;0.058315184;0.124318056;9.805689;3
122032720558661;1764839976672;0.058315184;0.124318056;9.805689;3
122032725529442;1764839976672;0.058315184;0.124318056;9.805689;3
122032730500275;1764839976697;0.058315184;0.124318056;9.805689;3
122032735471109;1764839976697;0.058315184;0.124318056;9.805689;3
122032740441942;1764839976697;0.058315184;0.124318056;9.805689;3
122032745412775;1764839976697;0.058315184;0.124318056;9.805689;3
122032750383609;1764839976697;0.058315184;0.124318056;9.805689;3
122032755354442;1764839976702;0.058315184;0.124318056;9.805689;3
122032760325275;1764839976706;0.058315184;0.124318056;9.805689;3
122032765296109;1764839976722;0.058315184;0.124318056;9.805689;3
122032770266942;1764839976722;0.058315184;0.124318056;9.805689;3
122032775237775;1764839976722;0.058315184;0.124318056;9.805689;3
122032780208609;1764839976725;0.058315184;0.124318056;9.805689;3
122032785179442;1764839976746;0.058315184;0.124318056;9.805689;3
122032790150015;1764839976746;0.058315184;0.124318056;9.805689;3
122032795120588;1764839976746;0.058315184;0.124318056;9.805689;3
122032800091161;1764839976746;0.058315184;0.124318056;9.805689;3
122032805061734;1764839976752;0.058315184;0.124318056;9.805689;3
122032810032307;1764839976755;0.058315184;0.124318056;9.805689;3
122032815002880;1764839976773;0.058315184;0.124318056;9.805689;3
122032819973453;1764839976773;0.058315184;0.124318056;9.805689;3
122032824944025;1764839976773;0.058315184;0.124318056;9.805689;3
122032829914598;1764839976799;0.058315184;0.124318056;9.805689;3
122032834885171;1764839976799;0.058315184;0.124318056;9.805689;3
122032839855744;1764839976799;0.058315184;0.124318056;9.805689;3
122032844826317;1764839976799;0.058315184;0.124318056;9.805689;3
122032849796890;1764839976799;0.058315184;0.124318056;9.805689;3
122032854767463;1764839976802;0.058315184;0.124318056;9.805689;3
122032859738036;1764839976805;0.058315184;0.124318056;9.805689;3
122032864708609;1764839976824;0.058315184;0.124318056;9.805689;3
122032869679182;1764839976824;0.058315184;0.124318056;9.805689;3
122032874649755;1764839976824;0.058315184;0.124318056;9.805689;3
122032879620328;1764839976848;0.058315184;0.124318056;9.805689;3
122032884590900;1764839976848;0.058315184;0.124318056;9.805689;3
122032889561473;1764839976848;0.058315184;0.124318056;9.805689;3
122032894532046;1764839976848;0.058315184;0.124318056;9.805689;3
122032899502619;1764839976848;0.058315184;0.124318056;9.805689;3
122032904473192;1764839976850;0.058315184;0.124318056;9.805689;3
122032909443765;1764839976855;0.058315184;0.124318056;9.805689;3
122032914414338;1764839976874;0.058315184;0.124318056;9.805689;3
122032919384911;1764839976874;0.058315184;0.124318056;9.805689;3
122032924355484;1764839976874;0.058315184;0.124318056;9.805689;3
122032929326057;1764839976875;0.058315184;0.124318056;9.805689;3
122032934296630;1764839976901;0.058315184;0.124318056;9.805689;3
122032939267203;1764839976901;0.058315184;0.124318056;9.805689;3
122032944237775;1764839976901;0.058315184;0.124318056;9.805689;3
122032949208348;1764839976901;0.058315184;0.124318056;9.805689;3
122032954178921;1764839976901;0.058315184;0.124318056;9.805689;3
122032959149494;1764839976905;0.058315184;0.124318056;9.805689;3
122032964120067;1764839976928;0.058315184;0.124318056;9.805689;3
122032969090640;1764839976928;0.058315184;0.124318056;9.805689;3
122032974061213;1764839976928;0.058315184;0.124318056;9.805689;3
122032979032046;1764839976928;0.058315184;0.124318056;9.805689;3
122032984002880;1764839976930;0.058315184;0.124318056;9.805689;3
122032988973713;1764839976935;0.058315184;0.124318056;9.805689;3
122032993944546;1764839976941;0.058315184;0.124318056;9.805689;3
122032998915380;1764839976953;0.058315184;0.124318056;9.805689;3
122033003886213;1764839976953;0.058315184;0.124318056;9.805689;3
122033008857046;1764839976955;0.058315184;0.124318056;9.805689;3
122033013827880;1764839976979;0.058315184;0.124318056;9.805689;3
122033018798713;1764839976979;0.058315184;0.124318056;9.805689;3
122033023769546;1764839976979;0.058315184;0.124318056;9.805689;3
122033028740380;1764839976979;0.058315184;0.124318056;9.805689;3
122033033711213;1764839976980;0.058315184;0.124318056;9.805689;3
122033038682046;1764839976984;0.058315184;0.124318056;9.805689;3
122033043652775;1764839976990;0.058315184;0.124318056;9.805689;3
122033048623348;1764839977004;0.058315184;0.124318056;9.805689;3
122033053593921;1764839977004;0.058315184;0.124318056;9.805689;3
122033058564494;1764839977004;0.058315184;0.124318056;9.805689;3
122033063535067;1764839977026;0.058315184;0.124318056;9.805689;3
122033068505640;1764839977026;0.058315184;0.124318056;9.805689;3
122033073476213;1764839977026;0.058315184;0.124318056;9.805689;3
122033078446786;1764839977026;0.058315184;0.124318056;9.805689;3
122033083417359;1764839977051;0.058315184;0.124318056;9.805689;3
122033088387932;1764839977051;0.058315184;0.124318056;9.805689;3
122033093358505;1764839977051;0.058315184;0.124318056;9.805689;3
122033098329078;1764839977051;0.058315184;0.124318056;9.805689;3
122033103299650;1764839977051;0.058315184;0.124318056;9.805689;3
122033108270223;1764839977069;0.058315184;0.124318056;9.805689;3
122033113240796;1764839977069;0.058315184;0.124318056;9.805689;3
122033118211369;1764839977069;0.058315184;0.124318056;9.805689;3
122033123181942;1764839977069;0.058315184;0.124318056;9.805689;3
122033128152515;1764839977078;0.058315184;0.124318056;9.805689;3
122033133123088;1764839977085;0.058315184;0.124318056;9.805689;3
122033138093661;1764839977085;0.058315184;0.124318056;9.805689;3
122033143064234;1764839977091;0.058315184;0.124318056;9.805689;3
122033148034807;1764839977101;0.058315184;0.124318056;9.805689;3
122033153005380;1764839977101;0.058315184;0.124318056;9.805689;3
122033157975953;1764839977103;0.058315184;0.124318056;9.805689;3
122033162946525;1764839977138;0.058315184;0.124318056;9.805689;3
122033167917098;1764839977138;0.058315184;0.124318056;9.805689;3
122033172887671;1764839977138;0.058315184;0.124318056;9.805689;3
122033177858244;1764839977138;0.058315184;0.124318056;9.805689;3
122033182828817;1764839977138;0.058315184;0.124318056;9.805689;3
122033187799390;1764839977138;0.058315184;0.124318056;9.805689;3
122033192769963;1764839977141;0.058315184;0.124318056;9.805689;3
122033197740536;1764839977221;0.058315184;0.124318056;9.805689;3
122033202711213;1764839977221;0.058315184;0.124318056;9.805689;3
122033207682046;1764839977221;0.058315184;0.124318056;9.805689;3
122033212652880;1764839977221;0.058315184;0.124318056;9.805689;3
122033217623713;1764839977221;0.058315184;0.124318056;9.805689;3
122033222594546;1764839977221;0.058315184;0.124318056;9.805689;3
122033227565380;1764839977221;0.058315184;0.124318056;9.805689;3
122033232536213;1764839977221;0.058315184;0.124318056;9.805689;3
122033237507046;1764839977221;0.058315184;0.124318056;9.805689;3
122033242477880;1764839977221;0.058315184;0.124318056;9.805689;3
122033247448713;1764839977221;0.058315184;0.124318056;9.805689;3
122033252419546;1764839977221;0.058315184;0.124318056;9.805689;3
122033257390380;1764839977221;0.058315184;0.124318056;9.805689;3
122033262361213;1764839977221;0.058315184;0.124318056;9.805689;3
122033267332046;1764839977221;0.058315184;0.124318056;9.805689;3
122033272302880;1764839977221;0.058315184;0.124318056;9.805689;3
122033277273453;1764839977275;0.058315184;0.124318056;9.805689;3
122033282244025;1764839977275;0.058315184;0.124318056;9.805689;3
122033287214598;1764839977275;0.058315184;0.124318056;9.805689;3
122033292185171;1764839977275;0.058315184;0.124318056;9.805689;3
122033297155744;1764839977275;0.058315184;0.124318056;9.805689;3
122033302126317;1764839977275;0.058315184;0.124318056;9.805689;3
122033307096890;1764839977275;0.058315184;0.124318056;9.805689;3
122033312067463;1764839977275;0.058315184;0.124318056;9.805689;3
122033317038036;1764839977275;0.058315184;0.124318056;9.805689;3
122033322008609;1764839977275;0.058315184;0.124318056;9.805689;3
122033326979182;1764839977275;0.058315184;0.124318056;9.805689;3
122033331949755;1764839977286;0.058315184;0.124318056;9.805689;3
122033336920328;1764839977286;0.058315184;0.124318056;9.805689;3
122033341890900;1764839977289;0.058315184;0.124318056;9.805689;3
122033346861473;1764839977299;0.058315184;0.124318056;9.805689;3
122033351832046;1764839977299;0.058315184;0.124318056;9.805689;3
122033356802619;1764839977348;0.058315184;0.124318056;9.805689;3
122033361773192;1764839977348;0.058315184;0.124318056;9.805689;3
122033366743765;1764839977348;0.058315184;0.124318056;9.805689;3
122033371714338;1764839977348;0.058315184;0.124318056;9.805689;3
122033376684911;1764839977348;0.058315184;0.124318056;9.805689;3
122033381655484;1764839977348;0.058315184;0.124318056;9.805689;3
122033386626057;1764839977348;0.058315184;0.124318056;9.805689;3
122033391596630;1764839977348;0.058315184;0.124318056;9.805689;3
122033396567203;1764839977348;0.058315184;0.124318056;9.805689;3
122033401537775;1764839977348;0.058315184;0.124318056;9.805689;3
