t_Android;t_unix;x;y;z;0;a
122027143065768;1764839971137;0.0057859523;0.004406194;0.8604032;0.50956225;3
122027149389934;1764839971137;0.0057859523;0.004406194;0.8604032;0.50956225;3
122027158872174;1764839971137;0.0057859523;0.004406194;0.8604032;0.50956225;3
122027167859309;1764839971137;0.0057859523;0.004406194;0.8604032;0.50956225;3
122027177818059;1764839971137;0.0057859523;0.004406194;0.8604032;0.50956225;3
122027187812174;1764839971137;0.0057859523;0.004406194;0.8604032;0.50956225;3
122027197548111;1764839971163;0.0057859523;0.004406194;0.8604032;0.50956225;3
122027207463788;1764839971163;0.0057859523;0.004406194;0.8604032;0.50956225;3
122027217694049;1764839971163;0.0057859523;0.004406194;0.8604032;0.50956225;3
122027227610872;1764839971169;0.0057859523;0.004406194;0.8604032;0.50956225;3
122027237443788;1764839971178;0.0057859523;0.004406194;0.8604032;0.50956225;3
122027247370976;1764839971188;0.0057859523;0.004406194;0.8604032;0.50956225;3
122027257327382;1764839971198;0.0057859523;0.004406194;0.8604032;0.50956225;3
122027267287538;1764839971208;0.0057859523;0.004406194;0.8604032;0.50956225;3
122027277330143;1764839971218;0.0057859523;0.004406194;0.8604032;0.50956225;3
122027287192851;1764839971230;0.0057859523;0.004406194;0.8604032;0.50956225;3
122027297243945;1764839971238;0.0057859523;0.004406194;0.8604032;0.50956225;3
122027307186393;1764839971248;0.0057859523;0.004406194;0.8604032;0.50956225;3
122027317049882;1764839971258;0.0057859523;0.004406194;0.8604032;0.50956225;3
122027327189518;1764839971268;0.0057859523;0.004406194;0.8604032;0.50956225;3
122027337531497;1764839971278;0.0057859523;0.004406194;0.8604032;0.50956225;3
122027347086913;1764839971288;0.0057859523;0.004406194;0.8604032;0.50956225;3
122027357317018;1764839971298;0.0057859523;0.004406194;0.8604032;0.50956225;3
122027366953007;1764839971308;0.0057859523;0.004406194;0.8604032;0.50956225;3
122027376806028;1764839971317;0.0057859523;0.004406194;0.8604032;0.50956225;3
122027386733111;1764839971328;0.0057859523;0.004406194;0.8604032;0.50956225;3
122027396708893;1764839971337;0.0057859523;0.004406194;0.8604032;0.50956225;3
122027407173893;1764839971349;0.0057859523;0.004406194;0.8604032;0.50956225;3
122027416463893;1764839971357;0.0057859523;0.004406194;0.8604032;0.50956225;3
122027426484882;1764839971367;0.0057859523;0.004406194;0.8604032;0.50956225;3
122027436811757;1764839971378;0.0057859523;0.004406194;0.8604032;0.50956225;3
122027446520716;1764839971387;0.0057859523;0.004406194;0.8604032;0.50956225;3
122027456169153;1764839971397;0.0057859523;0.004406194;0.8604032;0.50956225;3
122027466146705;1764839971407;0.0057859523;0.004406194;0.8604032;0.50956225;3
122027476155143;1764839971417;0.0057859523;0.004406194;0.8604032;0.50956225;3
122027486554830;1764839971427;0.0057859523;0.004406194;0.8604032;0.50956225;3
122027495982330;1764839971437;0.0057859523;0.004406194;0.8604032;0.50956225;3
122027506771653;1764839971448;0.0057859523;0.004406194;0.8604032;0.50956225;3
122027515869934;1764839971456;0.0057859523;0.004406194;0.8604032;0.50956225;3
122027526044361;1764839971467;0.0057859523;0.004406194;0.8604032;0.50956225;3
122027535871757;1764839971477;0.0057859523;0.004406194;0.8604032;0.50956225;3
122027546680716;1764839971488;0.0057859523;0.004406194;0.8604032;0.50956225;3
122027555630351;1764839971496;0.0057859523;0.004406194;0.8604032;0.50956225;3
122027565604205;1764839971506;0.0057859523;0.004406194;0.8604032;0.50956225;3
122027575501028;1764839971516;0.0057859523;0.004406194;0.8604032;0.50956225;3
122027585497122;1764839971527;0.0057859523;0.004406194;0.8604032;0.50956225;3
122027594911861;1764839971536;0.0057859523;0.004406194;0.8604032;0.50956225;3
122027605515976;1764839971546;0.0057859523;0.004406194;0.8604032;0.50956225;3
122027615541028;1764839971557;0.0057859523;0.004406194;0.8604032;0.50956225;3
122027625304049;1764839971567;0.0057859523;0.004406194;0.8604032;0.50956225;3
122027635171288;1764839971576;0.0057859523;0.004406194;0.8604032;0.50956225;3
122027645141913;1764839971586;0.0057859523;0.004406194;0.8604032;0.50956225;3
122027655196080;1764839971596;0.0057859523;0.004406194;0.8604032;0.50956225;3
122027665045351;1764839971606;0.0057859523;0.004406194;0.8604032;0.50956225;3
122027674932799;1764839971616;0.0057859523;0.004406194;0.8604032;0.50956225;3
122027684907538;1764839971626;0.0057859523;0.004406194;0.8604032;0.50956225;3
122027694811861;1764839971642;0.0057859523;0.004406194;0.8604032;0.50956225;3
122027704689413;1764839971646;0.0057859523;0.004406194;0.8604032;0.50956225;3
122027714612538;1764839971655;0.0057859523;0.004406194;0.8604032;0.50956225;3
122027724678841;1764839971666;0.0057859523;0.004406194;0.8604032;0.50956225;3
122027734500663;1764839971675;0.0057859523;0.004406194;0.8604032;0.50956225;3
122027744631601;1764839971686;0.0057859523;0.004406194;0.8604032;0.50956225;3
122027754442330;1764839971697;0.0057859523;0.004406194;0.8604032;0.50956225;3
122027764626341;1764839971706;0.0057859523;0.004406194;0.8604032;0.50956225;3
122027774236601;1764839971715;0.0057859523;0.004406194;0.8604032;0.50956225;3
122027784250143;1764839971725;0.0057859523;0.004406194;0.8604032;0.50956225;3
122027794190195;1764839971735;0.0057859523;0.004406194;0.8604032;0.50956225;3
122027804537434;1764839971747;0.0057859523;0.004406194;0.8604032;0.50956225;3
122027814299726;1764839971755;0.0057859523;0.004406194;0.8604032;0.50956225;3
122027824115559;1764839971765;0.0057859523;0.004406194;0.8604032;0.50956225;3
122027833876861;1764839971775;0.0057859523;0.004406194;0.8604032;0.50956225;3
122027843943424;1764839971785;0.0057859523;0.004406194;0.8604032;0.50956225;3
122027853916966;1764839971795;0.0057859523;0.004406194;0.8604032;0.50956225;3
122027863703111;1764839971805;0.0057859523;0.004406194;0.8604032;0.50956225;3
122027874195299;1764839971815;0.0057859523;0.004406194;0.8604032;0.50956225;3
122027884053059;1764839971825;0.0057859523;0.004406194;0.8604032;0.50956225;3
122027893362174;1764839971834;0.0057859523;0.004406194;0.8604032;0.50956225;3
122027904051601;1764839971846;0.0057859523;0.004406194;0.8604032;0.50956225;3
122027913785716;1764839971855;0.0057859523;0.004406194;0.8604032;0.50956225;3
122027923574049;1764839971865;0.0057859523;0.004406194;0.8604032;0.50956225;3
122027933660247;1764839971875;0.0057859523;0.004406194;0.8604032;0.50956225;3
122027943801861;1764839971884;0.0057859523;0.004406194;0.8604032;0.50956225;3
122027953780195;1764839971896;0.0057859523;0.004406194;0.8604032;0.50956225;3
122027964158216;1764839971906;0.0057859523;0.004406194;0.8604032;0.50956225;3
122027973154466;1764839971914;0.0057859523;0.004406194;0.8604032;0.50956225;3
122027983175351;1764839971924;0.0057859523;0.004406194;0.8604032;0.50956225;3
122027993094622;1764839971935;0.0057859523;0.004406194;0.8604032;0.50956225;3
122028003554309;1764839971945;0.0057859523;0.004406194;0.8604032;0.50956225;3
122028013041601;1764839971954;0.0057859523;0.004406194;0.8604032;0.50956225;3
122028023339466;1764839971965;0.0057859523;0.004406194;0.8604032;0.50956225;3
122028032823632;1764839971974;0.0057859523;0.004406194;0.8604032;0.50956225;3
122028042768945;1764839971984;0.0057859523;0.004406194;0.8604032;0.50956225;3
122028052699882;1764839971994;0.0057859523;0.004406194;0.8604032;0.50956225;3
122028062680455;1764839972004;0.0057859523;0.004406194;0.8604032;0.50956225;3
122028072903216;1764839972014;0.0057859523;0.004406194;0.8604032;0.50956225;3
122028082484778;1764839972023;0.0057859523;0.004406194;0.8604032;0.50956225;3
122028093109049;1764839972034;0.0057859523;0.004406194;0.8604032;0.50956225;3
122028102873736;1764839972045;0.0057859523;0.004406194;0.8604032;0.50956225;3
122028112625924;1764839972055;0.0057859523;0.004406194;0.8604032;0.50956225;3
122028122493893;1764839972064;0.0057859523;0.004406194;0.8604032;0.50956225;3
122028132254674;1764839972073;0.0057859523;0.004406194;0.8604032;0.50956225;3
122028141924518;1764839972083;0.0057859523;0.004406194;0.8604032;0.50956225;3
122028152407851;1764839972094;0.0057859523;0.004406194;0.8604032;0.50956225;3
122028162179466;1764839972104;0.0057859523;0.004406194;0.8604032;0.50956225;3
122028172433111;1764839972113;0.0057859523;0.004406194;0.8604032;0.50956225;3
122028182460091;1764839972123;0.0057859523;0.004406194;0.8604032;0.50956225;3
122028192411341;1764839972134;0.0057859523;0.004406194;0.8604032;0.50956225;3
122028201837799;1764839972143;0.0057859523;0.004406194;0.8604032;0.50956225;3
122028211747330;1764839972153;0.0057859523;0.004406194;0.8604032;0.50956225;3
122028221716549;1764839972163;0.0057859523;0.004406194;0.8604032;0.50956225;3
122028231661341;1764839972172;0.0057859523;0.004406194;0.8604032;0.50956225;3
122028242390038;1764839972184;0.0057859523;0.004406194;0.8604032;0.50956225;3
122028251962226;1764839972193;0.0057859523;0.004406194;0.8604032;0.50956225;3
122028261765663;1764839972202;0.0057859523;0.004406194;0.8604032;0.50956225;3
122028271465403;1764839972213;0.0057859523;0.004406194;0.8604032;0.50956225;3
122028281253216;1764839972222;0.0057859523;0.004406194;0.8604032;0.50956225;3
122028291173736;1764839972232;0.0057859523;0.004406194;0.8604032;0.50956225;3
122028301187330;1764839972243;0.0057859523;0.004406194;0.8604032;0.50956225;3
122028311372330;1764839972252;0.0057859523;0.004406194;0.8604032;0.50956225;3
122028321176393;1764839972262;0.0057859523;0.004406194;0.8604032;0.50956225;3
122028330782955;1764839972271;0.0057859523;0.004406194;0.8604032;0.50956225;3
122028340631966;1764839972282;0.0057859523;0.004406194;0.8604032;0.50956225;3
122028351121028;1764839972293;0.0057859523;0.004406194;0.8604032;0.50956225;3
122028360591236;1764839972301;0.0057859523;0.004406194;0.8604032;0.50956225;3
122028370808424;1764839972311;0.0057859523;0.004406194;0.8604032;0.50956225;3
122028380840195;1764839972322;0.0057859523;0.004406194;0.8604032;0.50956225;3
122028391287278;1764839972333;0.0057859523;0.004406194;0.8604032;0.50956225;3
122028400052538;1764839972343;0.0057859523;0.004406194;0.8604032;0.50956225;3
122028410560768;1764839972352;0.0057859523;0.004406194;0.8604032;0.50956225;3
122028421185663;1764839972362;0.0057859523;0.004406194;0.8604032;0.50956225;3
122028430649726;1764839972372;0.0057859523;0.004406194;0.8604032;0.50956225;3
122028440370976;1764839972382;0.0057859523;0.004406194;0.8604032;0.50956225;3
122028450429361;1764839972393;0.0057859523;0.004406194;0.8604032;0.50956225;3
122028460019518;1764839972401;0.0057859523;0.004406194;0.8604032;0.50956225;3
122028470236080;1764839972412;0.0057859523;0.004406194;0.8604032;0.50956225;3
122028480103736;1764839972421;0.0057859523;0.004406194;0.8604032;0.50956225;3
122028490013788;1764839972431;0.0057859523;0.004406194;0.8604032;0.50956225;3
122028499530195;1764839972442;0.0057859523;0.004406194;0.8604032;0.50956225;3
122028509606288;1764839972450;0.0057859523;0.004406194;0.8604032;0.50956225;3
122028520303163;1764839972465;0.0057859523;0.004406194;0.8604032;0.50956225;3
122028530109986;1764839972471;0.0057859523;0.004406194;0.8604032;0.50956225;3
122028539638007;1764839972480;0.0057859523;0.004406194;0.8604032;0.50956225;3
122028549493736;1764839972491;0.0057859523;0.004406194;0.8604032;0.50956225;3
122028559361705;1764839972501;0.0057859523;0.004406194;0.8604032;0.50956225;3
122028570229934;1764839972515;0.0057859523;0.004406194;0.8604032;0.50956225;3
122028579172330;1764839972520;0.0057859523;0.004406194;0.8604032;0.50956225;3
122028589586445;1764839972531;0.0057859523;0.004406194;0.8604032;0.50956225;3
122028599402591;1764839972541;0.0057859523;0.004406194;0.8604032;0.50956225;3
122028609295195;1764839972550;0.0057859523;0.004406194;0.8604032;0.50956225;3
122028619432018;1764839972565;0.0057859523;0.004406194;0.8604032;0.50956225;3
122028629352018;1764839972570;0.0057859523;0.004406194;0.8604032;0.50956225;3
122028639343059;1764839972580;0.0057859523;0.004406194;0.8604032;0.50956225;3
122028649093945;1764839972591;0.0057859523;0.004406194;0.8604032;0.50956225;3
122028659267330;1764839972601;0.0057859523;0.004406194;0.8604032;0.50956225;3
122028669876132;1764839972613;0.0057859523;0.004406194;0.8604032;0.50956225;3
122028679772799;1764839972622;0.0057859523;0.004406194;0.8604032;0.50956225;3
122028689067382;1764839972630;0.0057859523;0.004406194;0.8604032;0.50956225;3
122028699234309;1764839972641;0.0057859523;0.004406194;0.8604032;0.50956225;3
122028709365299;1764839972650;0.0057859523;0.004406194;0.8604032;0.50956225;3
122028718748945;1764839972659;0.0057859523;0.004406194;0.8604032;0.50956225;3
122028728984205;1764839972670;0.0057859523;0.004406194;0.8604032;0.50956225;3
122028738998632;1764839972680;0.0057859523;0.004406194;0.8604032;0.50956225;3
122028748738163;1764839972691;0.0057859523;0.004406194;0.8604032;0.50956225;3
122028758721393;1764839972700;0.0057859523;0.004406194;0.8604032;0.50956225;3
122028768526080;1764839972709;0.0057859523;0.004406194;0.8604032;0.50956225;3
122028778514049;1764839972719;0.0057859523;0.004406194;0.8604032;0.50956225;3
122028788425924;1764839972729;0.0057859523;0.004406194;0.8604032;0.50956225;3
122028797711393;1764839972741;0.0057859523;0.004406194;0.8604032;0.50956225;3
122028810003320;1764839972751;0.0057859523;0.004406194;0.8604032;0.50956225;3
122028818255924;1764839972760;0.0057859523;0.004406194;0.8604032;0.50956225;3
122028828346913;1764839972770;0.0057859523;0.004406194;0.8604032;0.50956225;3
122028838284309;1764839972780;0.0057859523;0.004406194;0.8604032;0.50956225;3
122028847959205;1764839972791;0.0057859523;0.004406194;0.8604032;0.50956225;3
122028857832382;1764839972798;0.0057859523;0.004406194;0.8604032;0.50956225;3
122028867789309;1764839972811;0.0057859523;0.004406194;0.8604032;0.50956225;3
122028877771341;1764839972819;0.0057859523;0.004406194;0.8604032;0.50956225;3
122028887645247;1764839972828;0.0057859523;0.004406194;0.8604032;0.50956225;3
122028897574413;1764839972841;0.0057859523;0.004406194;0.8604032;0.50956225;3
122028907618528;1764839972849;0.0057859523;0.004406194;0.8604032;0.50956225;3
122028917476497;1764839972859;0.0057859523;0.004406194;0.8604032;0.50956225;3
122028927587434;1764839972869;0.0057859523;0.004406194;0.8604032;0.50956225;3
122028937377747;1764839972878;0.0057859523;0.004406194;0.8604032;0.50956225;3
122028947249726;1764839972890;0.0057859523;0.004406194;0.8604032;0.50956225;3
122028957335663;1764839972900;0.0057859523;0.004406194;0.8604032;0.50956225;3
122028967180038;1764839972909;0.0057859523;0.004406194;0.8604032;0.50956225;3
122028977248320;1764839972918;0.0057859523;0.004406194;0.8604032;0.50956225;3
122028987125611;1764839972928;0.0057859523;0.004406194;0.8604032;0.50956225;3
122028997017486;1764839972945;0.0057859523;0.004406194;0.8604032;0.50956225;3
122029006923424;1764839972948;0.0057859523;0.004406194;0.8604032;0.50956225;3
122029016998476;1764839972960;0.0057859523;0.004406194;0.8604032;0.50956225;3
122029026804153;1764839972967;0.0057859523;0.004406194;0.8604032;0.50956225;3
122029036758580;1764839972977;0.0057859523;0.004406194;0.8604032;0.50956225;3
122029046775507;1764839972988;0.0057859523;0.004406194;0.8604032;0.50956225;3
122029056801393;1764839972999;0.0057859523;0.004406194;0.8604032;0.50956225;3
122029066678216;1764839973015;0.0057859523;0.004406194;0.8604032;0.50956225;3
122029076548788;1764839973017;0.0057859523;0.004406194;0.8604032;0.50956225;3
122029086423580;1764839973029;0.0057859523;0.004406194;0.8604032;0.50956225;3
122029096377070;1764839973039;0.0057859523;0.004406194;0.8604032;0.50956225;3
122029106303163;1764839973047;0.0057859523;0.004406194;0.8604032;0.50956225;3
122029116269882;1764839973058;0.0057859523;0.004406194;0.8604032;0.50956225;3
122029126203163;1764839973067;0.0057859523;0.004406194;0.8604032;0.50956225;3
122029136149570;1764839973078;0.0057859523;0.004406194;0.8604032;0.50956225;3
122029146067851;1764839973088;0.0057859523;0.004406194;0.8604032;0.50956225;3
122029156028163;1764839973097;0.0057859523;0.004406194;0.8604032;0.50956225;3
122029166010559;1764839973107;0.0057859523;0.004406194;0.8604032;0.50956225;3
122029175965611;1764839973117;0.0057859523;0.004406194;0.8604032;0.50956225;3
122029185869778;1764839973127;0.0057859523;0.004406194;0.8604032;0.50956225;3
122029195829101;1764839973138;0.0057859523;0.004406194;0.8604032;0.50956225;3
122029205812591;1764839973147;0.0057859523;0.004406194;0.8604032;0.50956225;3
122029215685455;1764839973162;0.0057859523;0.004406194;0.8604032;0.50956225;3
122029225636080;1764839973166;0.0057859523;0.004406194;0.8604032;0.50956225;3
122029235578788;1764839973178;0.0057859523;0.004406194;0.8604032;0.50956225;3
122029245012330;1764839973187;0.0057859523;0.004406194;0.8604032;0.50956225;3
122029255449674;1764839973196;0.0057859523;0.004406194;0.8604032;0.50956225;3
122029265362955;1764839973207;0.0057859523;0.004406194;0.8604032;0.50956225;3
122029275455403;1764839973217;0.0057859523;0.004406194;0.8604032;0.50956225;3
122029285238320;1764839973226;0.0057859523;0.004406194;0.8604032;0.50956225;3
122029295242278;1764839973237;0.0057859523;0.004406194;0.8604032;0.50956225;3
122029305270716;1764839973246;0.0057859523;0.004406194;0.8604032;0.50956225;3
122029315090768;1764839973259;0.0057859523;0.004406194;0.8604032;0.50956225;3
122029325011653;1764839973266;0.0057859523;0.004406194;0.8604032;0.50956225;3
122029334973997;1764839973276;0.0057859523;0.004406194;0.8604032;0.50956225;3
122029344891080;1764839973287;0.0057859523;0.004406194;0.8604032;0.50956225;3
122029355021028;1764839973296;0.0057859523;0.004406194;0.8604032;0.50956225;3
122029364966653;1764839973308;0.0057859523;0.004406194;0.8604032;0.50956225;3
122029374746549;1764839973315;0.0057859523;0.004406194;0.8604032;0.50956225;3
122029384767018;1764839973326;0.0057859523;0.004406194;0.8604032;0.50956225;3
122029394660351;1764839973336;0.0057859523;0.004406194;0.8604032;0.50956225;3
122029404659570;1764839973345;0.0057859523;0.004406194;0.8604032;0.50956225;3
122029414646028;1764839973359;0.0057859523;0.004406194;0.8604032;0.50956225;3
122029424455559;1764839973365;0.0057859523;0.004406194;0.8604032;0.50956225;3
122029434401705;1764839973376;0.0057859523;0.004406194;0.8604032;0.50956225;3
122029444333632;1764839973385;0.0057859523;0.004406194;0.8604032;0.50956225;3
122029454417382;1764839973396;0.0057859523;0.004406194;0.8604032;0.50956225;3
122029464255091;1764839973413;0.0057859523;0.004406194;0.8604032;0.50956225;3
122029474317903;1764839973416;0.0057859523;0.004406194;0.8604032;0.50956225;3
122029484086184;1764839973436;0.0057859523;0.004406194;0.8604032;0.50956225;3
122029494166966;1764839973436;0.0057859523;0.004406194;0.8604032;0.50956225;3
122029504143945;1764839973445;0.0057859523;0.004406194;0.8604032;0.50956225;3
122029513789309;1764839973456;0.0057859523;0.004406194;0.8604032;0.50956225;3
122029523836809;1764839973464;0.0057859523;0.004406194;0.8604032;0.50956225;3
122029534135195;1764839973475;0.0057859523;0.004406194;0.8604032;0.50956225;3
122029544002591;1764839973485;0.0057859523;0.004406194;0.8604032;0.50956225;3
122029553821757;1764839973495;0.0057859523;0.004406194;0.8604032;0.50956225;3
122029563591028;1764839973505;0.0057859523;0.004406194;0.8604032;0.50956225;3
122029573589466;1764839973515;0.0057859523;0.004406194;0.8604032;0.50956225;3
122029583468216;1764839973525;0.0057859523;0.004406194;0.8604032;0.50956225;3
122029593441809;1764839973536;0.0057859523;0.004406194;0.8604032;0.50956225;3
122029603916809;1764839973546;0.0057859523;0.004406194;0.8604032;0.50956225;3
122029614180299;1764839973566;0.0057859523;0.004406194;0.8604032;0.50956225;3
122029623268372;1764839973566;0.0057859523;0.004406194;0.8604032;0.50956225;3
122029633798163;1764839973586;0.0057859523;0.004406194;0.8604032;0.50956225;3
122029643257486;1764839973586;0.0057859523;0.004406194;0.8604032;0.50956225;3
122029653102070;1764839973594;0.0057859523;0.004406194;0.8604032;0.50956225;3
122029662984986;1764839973609;0.0057859523;0.004406194;0.8604032;0.50956225;3
122029673608997;1764839973614;0.0057859523;0.004406194;0.8604032;0.50956225;3
122029683009518;1764839973631;0.0057859523;0.004406194;0.8604032;0.50956225;3
122029692867434;1764839973634;0.0057859523;0.004406194;0.8604032;0.50956225;3
122029702771913;1764839973644;0.0057859523;0.004406194;0.8604032;0.50956225;3
122029712724205;1764839973654;0.0057859523;0.004406194;0.8604032;0.50956225;3
122029722662122;1764839973664;0.0057859523;0.004406194;0.8604032;0.50956225;3
122029732608424;1764839973674;0.0057859523;0.004406194;0.8604032;0.50956225;3
122029742684570;1764839973684;0.0057859523;0.004406194;0.8604032;0.50956225;3
122029753161601;1764839973696;0.0057859523;0.004406194;0.8604032;0.50956225;3
122029762446601;1764839973713;0.0057859523;0.004406194;0.8604032;0.50956225;3
122029772408528;1764839973714;0.0057859523;0.004406194;0.8604032;0.50956225;3
122029782280143;1764839973726;0.0057859523;0.004406194;0.8604032;0.50956225;3
122029792257122;1764839973734;0.0057859523;0.004406194;0.8604032;0.50956225;3
122029802189413;1764839973743;0.0057859523;0.004406194;0.8604032;0.50956225;3
122029812146236;1764839973755;0.0057859523;0.004406194;0.8604032;0.50956225;3
122029822157643;1764839973763;0.0057859523;0.004406194;0.8604032;0.50956225;3
122029832019986;1764839973773;0.0057859523;0.004406194;0.8604032;0.50956225;3
122029841920768;1764839973783;0.0057859523;0.004406194;0.8604032;0.50956225;3
122029852028007;1764839973794;0.0057859523;0.004406194;0.8604032;0.50956225;3
122029861945455;1764839973825;0.0057859523;0.004406194;0.8604032;0.50956225;3
122029871832747;1764839973825;0.0057859523;0.004406194;0.8604032;0.50956225;3
122029881836028;1764839973825;0.0057859523;0.004406194;0.8604032;0.50956225;3
122029891708320;1764839973833;0.0057859523;0.004406194;0.8604032;0.50956225;3
122029901593163;1764839973843;0.0057859523;0.004406194;0.8604032;0.50956225;3
122029911544361;1764839973856;0.0057859523;0.004406194;0.8604032;0.50956225;3
122029921452747;1764839973862;0.0057859523;0.004406194;0.8604032;0.50956225;3
122029931416809;1764839973872;0.0057859523;0.004406194;0.8604032;0.50956225;3
122029941338580;1764839973882;0.0057859523;0.004406194;0.8604032;0.50956225;3
122029951301705;1764839973893;0.0057859523;0.004406194;0.8604032;0.50956225;3
122029961255143;1764839973906;0.0057859523;0.004406194;0.8604032;0.50956225;3
122029971191028;1764839973912;0.0057859523;0.004406194;0.8604032;0.50956225;3
122029981087538;1764839973925;0.0057859523;0.004406194;0.8604032;0.50956225;3
122029991352018;1764839973934;0.0057859523;0.004406194;0.8604032;0.50956225;3
122030000668945;1764839973950;0.0057859523;0.004406194;0.8604032;0.50956225;3
122030010966653;1764839973962;0.0057859523;0.004406194;0.8604032;0.50956225;3
122030020871549;1764839973962;0.0057859523;0.004406194;0.8604032;0.50956225;3
122030030843059;1764839973976;0.0057859523;0.004406194;0.8604032;0.50956225;3
122030040937278;1764839973982;0.0057859523;0.004406194;0.8604032;0.50956225;3
122030050725091;1764839973992;0.0057859523;0.004406194;0.8604032;0.50956225;3
122030060235611;1764839974004;0.0057859523;0.004406194;0.8604032;0.50956225;3
122030070609466;1764839974013;0.0057859523;0.004406194;0.8604032;0.50956225;3
122030080521028;1764839974021;0.0057859523;0.004406194;0.8604032;0.50956225;3
122030090522955;1764839974031;0.0057859523;0.004406194;0.8604032;0.50956225;3
122030100522174;1764839974044;0.0057859523;0.004406194;0.8604032;0.50956225;3
122030110365038;1764839974058;0.0057859523;0.004406194;0.8604032;0.50956225;3
122030120307538;1764839974061;0.0057859523;0.004406194;0.8604032;0.50956225;3
122030130364518;1764839974072;0.0057859523;0.004406194;0.8604032;0.50956225;3
122030140160611;1764839974083;0.0057859523;0.004406194;0.8604032;0.50956225;3
122030150214726;1764839974091;0.0057859523;0.004406194;0.8604032;0.50956225;3
122030160073216;1764839974104;0.0057859523;0.004406194;0.8604032;0.50956225;3
122030170396601;1764839974112;0.0057859523;0.004406194;0.8604032;0.50956225;3
122030179967018;1764839974122;0.0057859523;0.004406194;0.8604032;0.50956225;3
122030190071757;1764839974131;0.0057859523;0.004406194;0.8604032;0.50956225;3
122030199930663;1764839974141;0.0057859523;0.004406194;0.8604032;0.50956225;3
122030209576549;1764839974150;0.0057859523;0.004406194;0.8604032;0.50956225;3
122030219291445;1764839974160;0.0057859523;0.004406194;0.8604032;0.50956225;3
122030229540768;1764839974171;0.0057859523;0.004406194;0.8604032;0.50956225;3
122030239547955;1764839974180;0.0057859523;0.004406194;0.8604032;0.50956225;3
122030249553684;1764839974190;0.0057859523;0.004406194;0.8604032;0.50956225;3
122030259499726;1764839974200;0.0057859523;0.004406194;0.8604032;0.50956225;3
122030269474570;1764839974211;0.0057859523;0.004406194;0.8604032;0.50956225;3
122030279349049;1764839974222;0.0057859523;0.004406194;0.8604032;0.50956225;3
122030289436705;1764839974231;0.0057859523;0.004406194;0.8604032;0.50956225;3
122030299245455;1764839974240;0.0057859523;0.004406194;0.8604032;0.50956225;3
122030309208007;1764839974250;0.0057859523;0.004406194;0.8604032;0.50956225;3
122030319142070;1764839974261;0.0057859523;0.004406194;0.8604032;0.50956225;3
122030329153893;1764839974276;0.0057859523;0.004406194;0.8604032;0.50956225;3
122030339086966;1764839974281;0.0057859523;0.004406194;0.8604032;0.50956225;3
122030349087851;1764839974291;0.0057859523;0.004406194;0.8604032;0.50956225;3
122030358935663;1764839974300;0.0057859523;0.004406194;0.8604032;0.50956225;3
122030368910299;1764839974310;0.0057859523;0.004406194;0.8604032;0.50956225;3
122030378818788;1764839974320;0.0057859523;0.004406194;0.8604032;0.50956225;3
122030388967330;1764839974330;0.0057859523;0.004406194;0.8604032;0.50956225;3
122030398730143;1764839974340;0.0057859523;0.004406194;0.8604032;0.50956225;3
122030408667903;1764839974349;0.0057859523;0.004406194;0.8604032;0.50956225;3
122030418861393;1764839974360;0.0057859523;0.004406194;0.8604032;0.50956225;3
122030428800091;1764839974372;0.0057859523;0.004406194;0.8604032;0.50956225;3
122030438608788;1764839974380;0.0057859523;0.004406194;0.8604032;0.50956225;3
122030448572903;1764839974390;0.0057859523;0.004406194;0.8604032;0.50956225;3
122030458492851;1764839974400;0.0057859523;0.004406194;0.8604032;0.50956225;3
122030468482538;1764839974410;0.0057859523;0.004406194;0.8604032;0.50956225;3
122030478357851;1764839974426;0.0057859523;0.004406194;0.8604032;0.50956225;3
122030488338424;1764839974429;0.0057859523;0.004406194;0.8604032;0.50956225;3
122030498226288;1764839974444;0.0057859523;0.004406194;0.8604032;0.50956225;3
122030508205143;1764839974449;0.0057859523;0.004406194;0.8604032;0.50956225;3
122030517945716;1764839974463;0.0057859523;0.004406194;0.8604032;0.50956225;3
122030528211445;1764839974481;0.0057859523;0.004406194;0.8604032;0.50956225;3
122030537846132;1764839974481;0.0057859523;0.004406194;0.8604032;0.50956225;3
122030547793997;1764839974499;0.0057859523;0.004406194;0.8604032;0.50956225;3
122030557732643;1764839974516;0.0057859523;0.004406194;0.8604032;0.50956225;3
122030568122070;1764839974516;0.0057859523;0.004406194;0.8604032;0.50956225;3
122030577584674;1764839974519;0.0057859523;0.004406194;0.8604032;0.50956225;3
122030587554049;1764839974529;0.0057859523;0.004406194;0.8604032;0.50956225;3
122030597467538;1764839974538;0.0057859523;0.004406194;0.8604032;0.50956225;3
122030607573163;1764839974549;0.0057859523;0.004406194;0.8604032;0.50956225;3
122030617365663;1764839974558;0.0057859523;0.004406194;0.8604032;0.50956225;3
122030627318684;1764839974574;0.0057859523;0.004406194;0.8604032;0.50956225;3
122030637224413;1764839974578;0.0057859523;0.004406194;0.8604032;0.50956225;3
122030647198684;1764839974593;0.0057859523;0.004406194;0.8604032;0.50956225;3
122030657152591;1764839974598;0.0057859523;0.004406194;0.8604032;0.50956225;3
122030667113476;1764839974612;0.0057859523;0.004406194;0.8604032;0.50956225;3
122030676994205;1764839974630;0.0057859523;0.004406194;0.8604032;0.50956225;3
122030686977799;1764839974630;0.0057859523;0.004406194;0.8604032;0.50956225;3
122030696871653;1764839974649;0.0057859523;0.004406194;0.8604032;0.50956225;3
122030706675403;1764839974649;0.0057859523;0.004406194;0.8604032;0.50956225;3
122030716774413;1764839974668;0.0057859523;0.004406194;0.8604032;0.50956225;3
122030726722278;1764839974668;0.0057859523;0.004406194;0.8604032;0.50956225;3
122030736536549;1764839974677;0.0057859523;0.004406194;0.8604032;0.50956225;3
122030746445559;1764839974688;0.0057859523;0.004406194;0.8604032;0.50956225;3
122030756518163;1764839974697;0.0057859523;0.004406194;0.8604032;0.50956225;3
122030766484726;1764839974707;0.0057859523;0.004406194;0.8604032;0.50956225;3
122030776383945;1764839974723;0.0057859523;0.004406194;0.8604032;0.50956225;3
122030786371445;1764839974728;0.0057859523;0.004406194;0.8604032;0.50956225;3
122030796273788;1764839974742;0.0057859523;0.004406194;0.8604032;0.50956225;3
122030806253268;1764839974748;0.0057859523;0.004406194;0.8604032;0.50956225;3
122030816151028;1764839974761;0.0057859523;0.004406194;0.8604032;0.50956225;3
122030826134986;1764839974781;0.0057859523;0.004406194;0.8604032;0.50956225;3
122030836046913;1764839974781;0.0057859523;0.004406194;0.8604032;0.50956225;3
122030846001549;1764839974799;0.0057859523;0.004406194;0.8604032;0.50956225;3
122030855932851;1764839974799;0.0057859523;0.004406194;0.8604032;0.50956225;3
122030865893216;1764839974807;0.0057859523;0.004406194;0.8604032;0.50956225;3
122030875816236;1764839974818;0.0057859523;0.004406194;0.8604032;0.50956225;3
122030885777643;1764839974827;0.0057859523;0.004406194;0.8604032;0.50956225;3
122030895676393;1764839974838;0.0057859523;0.004406194;0.8604032;0.50956225;3
122030905187486;1764839974847;0.0057859523;0.004406194;0.8604032;0.50956225;3
122030915588580;1764839974857;0.0057859523;0.004406194;0.8604032;0.50956225;3
122030925523632;1764839974877;0.0057859523;0.004406194;0.8604032;0.50956225;3
122030935463216;1764839974877;0.0057859523;0.004406194;0.8604032;0.50956225;3
122030945439361;1764839974899;0.0057859523;0.004406194;0.8604032;0.50956225;3
122030954912643;1764839974899;0.0057859523;0.004406194;0.8604032;0.50956225;3
122030965344830;1764839974906;0.0057859523;0.004406194;0.8604032;0.50956225;3
122030975246861;1764839974918;0.0057859523;0.004406194;0.8604032;0.50956225;3
122030985186080;1764839974926;0.0057859523;0.004406194;0.8604032;0.50956225;3
122030995113059;1764839974938;0.0057859523;0.004406194;0.8604032;0.50956225;3
122031005084986;1764839974947;0.0057859523;0.004406194;0.8604032;0.50956225;3
122031014985507;1764839974960;0.0057859523;0.004406194;0.8604032;0.50956225;3
122031024957018;1764839974978;0.0057859523;0.004406194;0.8604032;0.50956225;3
122031034858007;1764839974978;0.0057859523;0.004406194;0.8604032;0.50956225;3
122031044835143;1764839974998;0.0057859523;0.004406194;0.8604032;0.50956225;3
122031054745924;1764839974998;0.0057859523;0.004406194;0.8604032;0.50956225;3
122031064777330;1764839975006;0.0057859523;0.004406194;0.8604032;0.50956225;3
122031074635924;1764839975018;0.0057859523;0.004406194;0.8604032;0.50956225;3
122031084597486;1764839975025;0.0057859523;0.004406194;0.8604032;0.50956225;3
122031094505924;1764839975039;0.0057859523;0.004406194;0.8604032;0.50956225;3
122031104501549;1764839975046;0.0057859523;0.004406194;0.8604032;0.50956225;3
122031114398216;1764839975059;0.0057859523;0.004406194;0.8604032;0.50956225;3
122031124232799;1764839975079;0.0057859523;0.004406194;0.8604032;0.50956225;3
122031134279778;1764839975079;0.0057859523;0.004406194;0.8604032;0.50956225;3
122031144251653;1764839975099;0.0057859523;0.004406194;0.8604032;0.50956225;3
122031154169518;1764839975099;0.0057859523;0.004406194;0.8604032;0.50956225;3
122031164143893;1764839975105;0.0057859523;0.004406194;0.8604032;0.50956225;3
122031174056549;1764839975119;0.0057859523;0.004406194;0.8604032;0.50956225;3
122031184179882;1764839975126;0.0057859523;0.004406194;0.8604032;0.50956225;3
122031193913320;1764839975140;0.0057859523;0.004406194;0.8604032;0.50956225;3
122031203906705;1764839975144;0.0057859523;0.004406194;0.8604032;0.50956225;3
122031213924205;1764839975161;0.0057859523;0.004406194;0.8604032;0.50956225;3
122031223870507;1764839975182;0.0057859523;0.004406194;0.8604032;0.50956225;3
122031233710299;1764839975182;0.0057859523;0.004406194;0.8604032;0.50956225;3
122031243771445;1764839975185;0.0057859523;0.004406194;0.8604032;0.50956225;3
122031253581809;1764839975194;0.0057859523;0.004406194;0.8604032;0.50956225;3
122031263559570;1764839975205;0.0057859523;0.004406194;0.8604032;0.50956225;3
122031273365507;1764839975226;0.0057859523;0.004406194;0.8604032;0.50956225;3
122031283427226;1764839975226;0.0057859523;0.004406194;0.8604032;0.50956225;3
122031293337591;1764839975248;0.0057859523;0.004406194;0.8604032;0.50956225;3
122031303308736;1764839975248;0.0057859523;0.004406194;0.8604032;0.50956225;3
122031313230559;1764839975254;0.0057859523;0.004406194;0.8604032;0.50956225;3
122031323201497;1764839975268;0.0057859523;0.004406194;0.8604032;0.50956225;3
122031333116080;1764839975275;0.0057859523;0.004406194;0.8604032;0.50956225;3
122031343202018;1764839975290;0.0057859523;0.004406194;0.8604032;0.50956225;3
122031353005768;1764839975294;0.0057859523;0.004406194;0.8604032;0.50956225;3
122031362953841;1764839975311;0.0057859523;0.004406194;0.8604032;0.50956225;3
122031372872122;1764839975314;0.0057859523;0.004406194;0.8604032;0.50956225;3
122031382829518;1764839975332;0.0057859523;0.004406194;0.8604032;0.50956225;3
122031392753163;1764839975334;0.0057859523;0.004406194;0.8604032;0.50956225;3
122031402857695;1764839975345;0.0057859523;0.004406194;0.8604032;0.50956225;3
122031412643111;1764839975354;0.0057859523;0.004406194;0.8604032;0.50956225;3
122031422609986;1764839975363;0.0057859523;0.004406194;0.8604032;0.50956225;3
122031432503684;1764839975375;0.0057859523;0.004406194;0.8604032;0.50956225;3
122031442486653;1764839975397;0.0057859523;0.004406194;0.8604032;0.50956225;3
122031452394413;1764839975397;0.0057859523;0.004406194;0.8604032;0.50956225;3
122031462365768;1764839975404;0.0057859523;0.004406194;0.8604032;0.50956225;3
122031472323893;1764839975413;0.0057859523;0.004406194;0.8604032;0.50956225;3
122031482245507;1764839975424;0.0057859523;0.004406194;0.8604032;0.50956225;3
122031492160611;1764839975439;0.0057859523;0.004406194;0.8604032;0.50956225;3
122031502130247;1764839975443;0.0057859523;0.004406194;0.8604032;0.50956225;3
122031512032434;1764839975461;0.0057859523;0.004406194;0.8604032;0.50956225;3
122031522013841;1764839975484;0.0057859523;0.004406194;0.8604032;0.50956225;3
122031531958424;1764839975484;0.0057859523;0.004406194;0.8604032;0.50956225;3
122031541889986;1764839975484;0.0057859523;0.004406194;0.8604032;0.50956225;3
122031551819882;1764839975493;0.0057859523;0.004406194;0.8604032;0.50956225;3
122031561787070;1764839975506;0.0057859523;0.004406194;0.8604032;0.50956225;3
122031571666549;1764839975528;0.0057859523;0.004406194;0.8604032;0.50956225;3
122031581657122;1764839975528;0.0057859523;0.004406194;0.8604032;0.50956225;3
122031591568268;1764839975550;0.0057859523;0.004406194;0.8604032;0.50956225;3
122031601539153;1764839975550;0.0057859523;0.004406194;0.8604032;0.50956225;3
122031611461549;1764839975553;0.0057859523;0.004406194;0.8604032;0.50956225;3
122031621428580;1764839975563;0.0057859523;0.004406194;0.8604032;0.50956225;3
122031631375091;1764839975573;0.0057859523;0.004406194;0.8604032;0.50956225;3
122031641446184;1764839975594;0.0057859523;0.004406194;0.8604032;0.50956225;3
122031651218632;1764839975594;0.0057859523;0.004406194;0.8604032;0.50956225;3
122031661193684;1764839975616;0.0057859523;0.004406194;0.8604032;0.50956225;3
122031671110663;1764839975616;0.0057859523;0.004406194;0.8604032;0.50956225;3
122031681082591;1764839975622;0.0057859523;0.004406194;0.8604032;0.50956225;3
122031690988059;1764839975638;0.0057859523;0.004406194;0.8604032;0.50956225;3
122031700997903;1764839975644;0.0057859523;0.004406194;0.8604032;0.50956225;3
122031710561913;1764839975660;0.0057859523;0.004406194;0.8604032;0.50956225;3
122031720914205;1764839975662;0.0057859523;0.004406194;0.8604032;0.50956225;3
122031730940351;1764839975684;0.0057859523;0.004406194;0.8604032;0.50956225;3
122031740806601;1764839975684;0.0057859523;0.004406194;0.8604032;0.50956225;3
122031750652122;1764839975692;0.0057859523;0.004406194;0.8604032;0.50956225;3
122031760664101;1764839975705;0.0057859523;0.004406194;0.8604032;0.50956225;3
122031770521132;1764839975712;0.0057859523;0.004406194;0.8604032;0.50956225;3
122031780499830;1764839975727;0.0057859523;0.004406194;0.8604032;0.50956225;3
122031790411913;1764839975749;0.0057859523;0.004406194;0.8604032;0.50956225;3
122031800427382;1764839975749;0.0057859523;0.004406194;0.8604032;0.50956225;3
122031810456028;1764839975752;0.0057859523;0.004406194;0.8604032;0.50956225;3
122031820455091;1764839975761;0.0057859523;0.004406194;0.8604032;0.50956225;3
122031830333736;1764839975772;0.0057859523;0.004406194;0.8604032;0.50956225;3
122031840200976;1764839975795;0.0057859523;0.004406194;0.8604032;0.50956225;3
122031849747695;1764839975795;0.0057859523;0.004406194;0.8604032;0.50956225;3
122031860083216;1764839975817;0.0057859523;0.004406194;0.8604032;0.50956225;3
122031870130716;1764839975817;0.0057859523;0.004406194;0.8604032;0.50956225;3
122031879957515;1764839975821;0.0057859523;0.004406194;0.8604032;0.50956225;3
122031889848348;1764839975839;0.0057859523;0.004406194;0.8604032;0.50956225;3
122031899278921;1764839975840;0.0057859523;0.004406194;0.8604032;0.50956225;3
122031909601942;1764839975862;0.0057859523;0.004406194;0.8604032;0.50956225;3
122031919601838;1764839975862;0.0057859523;0.004406194;0.8604032;0.50956225;3
122031929525848;1764839975870;0.0057859523;0.004406194;0.8604032;0.50956225;3
122031939633400;1764839975885;0.0057859523;0.004406194;0.8604032;0.50956225;3
122031949410380;1764839975890;0.0057859523;0.004406194;0.8604032;0.50956225;3
122031959557515;1764839975909;0.0057859523;0.004406194;0.8604032;0.50956225;3
122031969367723;1764839975911;0.0057859523;0.004406194;0.8604032;0.50956225;3
122031979371005;1764839975933;0.0057859523;0.004406194;0.8604032;0.50956225;3
122031989307567;1764839975933;0.0057859523;0.004406194;0.8604032;0.50956225;3
122031999206005;1764839975943;0.0057859523;0.004406194;0.8604032;0.50956225;3
122032009136890;1764839975956;0.0057859523;0.004406194;0.8604032;0.50956225;3
122032019470067;1764839975961;0.0057859523;0.004406194;0.8604032;0.50956225;3
122032029260692;1764839975994;0.0057859523;0.004406194;0.8604032;0.50956225;3
122032039018505;1764839975994;0.0057859523;0.004406194;0.8604032;0.50956225;3
122032049185953;1764839975994;0.0057859523;0.004406194;0.8604032;0.50956225;3
122032059083713;1764839976000;0.0057859523;0.004406194;0.8604032;0.50956225;3
122032068875692;1764839976010;0.0057859523;0.004406194;0.8604032;0.50956225;3
122032078810848;1764839976021;0.0057859523;0.004406194;0.8604032;0.50956225;3
122032088759598;1764839976057;0.0057859523;0.004406194;0.8604032;0.50956225;3
122032098781473;1764839976057;0.0057859523;0.004406194;0.8604032;0.50956225;3
122032108858296;1764839976057;0.0057859523;0.004406194;0.8604032;0.50956225;3
122032118933557;1764839976060;0.0057859523;0.004406194;0.8604032;0.50956225;3
122032128617203;1764839976083;0.0057859523;0.004406194;0.8604032;0.50956225;3
122032138576994;1764839976083;0.0057859523;0.004406194;0.8604032;0.50956225;3
122032148524390;1764839976090;0.0057859523;0.004406194;0.8604032;0.50956225;3
122032158619807;1764839976110;0.0057859523;0.004406194;0.8604032;0.50956225;3
122032168405953;1764839976110;0.0057859523;0.004406194;0.8604032;0.50956225;3
122032178353244;1764839976119;0.0057859523;0.004406194;0.8604032;0.50956225;3
122032188257463;1764839976137;0.0057859523;0.004406194;0.8604032;0.50956225;3
122032198219859;1764839976139;0.0057859523;0.004406194;0.8604032;0.50956225;3
122032207981890;1764839976165;0.0057859523;0.004406194;0.8604032;0.50956225;3
122032217952255;1764839976165;0.0057859523;0.004406194;0.8604032;0.50956225;3
122032227838244;1764839976170;0.0057859523;0.004406194;0.8604032;0.50956225;3
122032237815953;1764839976199;0.0057859523;0.004406194;0.8604032;0.50956225;3
122032247741317;1764839976199;0.0057859523;0.004406194;0.8604032;0.50956225;3
122032257692619;1764839976199;0.0057859523;0.004406194;0.8604032;0.50956225;3
122032267604650;1764839976209;0.0057859523;0.004406194;0.8604032;0.50956225;3
122032277566630;1764839976230;0.0057859523;0.004406194;0.8604032;0.50956225;3
122032287467046;1764839976230;0.0057859523;0.004406194;0.8604032;0.50956225;3
122032297458400;1764839976238;0.0057859523;0.004406194;0.8604032;0.50956225;3
122032307363140;1764839976259;0.0057859523;0.004406194;0.8604032;0.50956225;3
122032317338244;1764839976259;0.0057859523;0.004406194;0.8604032;0.50956225;3
122032327462307;1764839976288;0.0057859523;0.004406194;0.8604032;0.50956225;3
122032337198400;1764839976288;0.0057859523;0.004406194;0.8604032;0.50956225;3
122032347118713;1764839976288;0.0057859523;0.004406194;0.8604032;0.50956225;3
122032357077255;1764839976316;0.0057859523;0.004406194;0.8604032;0.50956225;3
122032367000380;1764839976316;0.0057859523;0.004406194;0.8604032;0.50956225;3
122032376980119;1764839976318;0.0057859523;0.004406194;0.8604032;0.50956225;3
122032386980692;1764839976344;0.0057859523;0.004406194;0.8604032;0.50956225;3
122032396860848;1764839976344;0.0057859523;0.004406194;0.8604032;0.50956225;3
122032406749494;1764839976348;0.0057859523;0.004406194;0.8604032;0.50956225;3
122032416755119;1764839976359;0.0057859523;0.004406194;0.8604032;0.50956225;3
122032426656369;1764839976371;0.0057859523;0.004406194;0.8604032;0.50956225;3
122032436618609;1764839976400;0.0057859523;0.004406194;0.8604032;0.50956225;3
122032446623973;1764839976400;0.0057859523;0.004406194;0.8604032;0.50956225;3
122032456497150;1764839976400;0.0057859523;0.004406194;0.8604032;0.50956225;3
122032466392567;1764839976408;0.0057859523;0.004406194;0.8604032;0.50956225;3
122032476380692;1764839976424;0.0057859523;0.004406194;0.8604032;0.50956225;3
122032486272098;1764839976447;0.0057859523;0.004406194;0.8604032;0.50956225;3
122032496259963;1764839976447;0.0057859523;0.004406194;0.8604032;0.50956225;3
122032506170171;1764839976447;0.0057859523;0.004406194;0.8604032;0.50956225;3
122032516162046;1764839976457;0.0057859523;0.004406194;0.8604032;0.50956225;3
122032526047307;1764839976472;0.0057859523;0.004406194;0.8604032;0.50956225;3
122032535995692;1764839976497;0.0057859523;0.004406194;0.8604032;0.50956225;3
122032545936890;1764839976497;0.0057859523;0.004406194;0.8604032;0.50956225;3
122032555908817;1764839976497;0.0057859523;0.004406194;0.8604032;0.50956225;3
122032565828869;1764839976507;0.0057859523;0.004406194;0.8604032;0.50956225;3
122032575786786;1764839976521;0.0057859523;0.004406194;0.8604032;0.50956225;3
122032585678348;1764839976545;0.0057859523;0.004406194;0.8604032;0.50956225;3
122032595658973;1764839976545;0.0057859523;0.004406194;0.8604032;0.50956225;3
122032605574182;1764839976547;0.0057859523;0.004406194;0.8604032;0.50956225;3
122032615572619;1764839976557;0.0057859523;0.004406194;0.8604032;0.50956225;3
122032625444755;1764839976570;0.0057859523;0.004406194;0.8604032;0.50956225;3
122032635420692;1764839976595;0.0057859523;0.004406194;0.8604032;0.50956225;3
122032645372567;1764839976595;0.0057859523;0.004406194;0.8604032;0.50956225;3
122032655339130;1764839976596;0.0057859523;0.004406194;0.8604032;0.50956225;3
122032665399182;1764839976607;0.0057859523;0.004406194;0.8604032;0.50956225;3
122032675182411;1764839976621;0.0057859523;0.004406194;0.8604032;0.50956225;3
122032685085484;1764839976648;0.0057859523;0.004406194;0.8604032;0.50956225;3
122032695089025;1764839976648;0.0057859523;0.004406194;0.8604032;0.50956225;3
122032705058609;1764839976648;0.0057859523;0.004406194;0.8604032;0.50956225;3
122032714980119;1764839976656;0.0057859523;0.004406194;0.8604032;0.50956225;3
122032724867150;1764839976672;0.0057859523;0.004406194;0.8604032;0.50956225;3
122032734841421;1764839976697;0.0057859523;0.004406194;0.8604032;0.50956225;3
122032744748765;1764839976697;0.0057859523;0.004406194;0.8604032;0.50956225;3
122032754729442;1764839976697;0.0057859523;0.004406194;0.8604032;0.50956225;3
122032764634598;1764839976706;0.0057859523;0.004406194;0.8604032;0.50956225;3
122032774596473;1764839976722;0.0057859523;0.004406194;0.8604032;0.50956225;3
122032784503400;1764839976725;0.0057859523;0.004406194;0.8604032;0.50956225;3
122032794504703;1764839976746;0.0057859523;0.004406194;0.8604032;0.50956225;3
122032804385848;1764839976746;0.0057859523;0.004406194;0.8604032;0.50956225;3
122032814373348;1764839976756;0.0057859523;0.004406194;0.8604032;0.50956225;3
122032824351057;1764839976773;0.0057859523;0.004406194;0.8604032;0.50956225;3
122032834248192;1764839976799;0.0057859523;0.004406194;0.8604032;0.50956225;3
122032844272515;1764839976799;0.0057859523;0.004406194;0.8604032;0.50956225;3
122032854127775;1764839976799;0.0057859523;0.004406194;0.8604032;0.50956225;3
122032864045171;1764839976805;0.0057859523;0.004406194;0.8604032;0.50956225;3
122032874034650;1764839976824;0.0057859523;0.004406194;0.8604032;0.50956225;3
122032883934390;1764839976849;0.0057859523;0.004406194;0.8604032;0.50956225;3
122032893920796;1764839976849;0.0057859523;0.004406194;0.8604032;0.50956225;3
122032903821890;1764839976849;0.0057859523;0.004406194;0.8604032;0.50956225;3
122032913804650;1764839976855;0.0057859523;0.004406194;0.8604032;0.50956225;3
122032923701942;1764839976874;0.0057859523;0.004406194;0.8604032;0.50956225;3
122032933689807;1764839976901;0.0057859523;0.004406194;0.8604032;0.50956225;3
122032943590328;1764839976901;0.0057859523;0.004406194;0.8604032;0.50956225;3
122032953558973;1764839976901;0.0057859523;0.004406194;0.8604032;0.50956225;3
122032963464390;1764839976904;0.0057859523;0.004406194;0.8604032;0.50956225;3
122032973543244;1764839976928;0.0057859523;0.004406194;0.8604032;0.50956225;3
122032983337984;1764839976928;0.0057859523;0.004406194;0.8604032;0.50956225;3
122032993343244;1764839976935;0.0057859523;0.004406194;0.8604032;0.50956225;3
122033003225900;1764839976953;0.0057859523;0.004406194;0.8604032;0.50956225;3
122033013202359;1764839976954;0.0057859523;0.004406194;0.8604032;0.50956225;3
122033023109286;1764839976979;0.0057859523;0.004406194;0.8604032;0.50956225;3
122033032919442;1764839976979;0.0057859523;0.004406194;0.8604032;0.50956225;3
122033042997723;1764839976984;0.0057859523;0.004406194;0.8604032;0.50956225;3
122033053106734;1764839977004;0.0057859523;0.004406194;0.8604032;0.50956225;3
122033062878453;1764839977004;0.0057859523;0.004406194;0.8604032;0.50956225;3
122033072834650;1764839977026;0.0057859523;0.004406194;0.8604032;0.50956225;3
122033082750067;1764839977026;0.0057859523;0.004406194;0.8604032;0.50956225;3
122033092718453;1764839977051;0.0057859523;0.004406194;0.8604032;0.50956225;3
122033102644703;1764839977051;0.0057859523;0.004406194;0.8604032;0.50956225;3
122033112617984;1764839977069;0.0057859523;0.004406194;0.8604032;0.50956225;3
122033122587567;1764839977069;0.0057859523;0.004406194;0.8604032;0.50956225;3
122033132569963;1764839977078;0.0057859523;0.004406194;0.8604032;0.50956225;3
122033142395796;1764839977085;0.0057859523;0.004406194;0.8604032;0.50956225;3
122033152365171;1764839977101;0.0057859523;0.004406194;0.8604032;0.50956225;3
122033162303192;1764839977103;0.0057859523;0.004406194;0.8604032;0.50956225;3
122033172250692;1764839977138;0.0057859523;0.004406194;0.8604032;0.50956225;3
122033182166109;1764839977138;0.0057859523;0.004406194;0.8604032;0.50956225;3
122033192138609;1764839977138;0.0057859523;0.004406194;0.8604032;0.50956225;3
122033202046942;1764839977221;0.0057859523;0.004406194;0.8604032;0.50956225;3
122033212004546;1764839977221;0.0057859523;0.004406194;0.8604032;0.50956225;3
122033221925588;1764839977221;0.0057859523;0.004406194;0.8604032;0.50956225;3
122033231909390;1764839977221;0.0057859523;0.004406194;0.8604032;0.50956225;3
122033241811265;1764839977221;0.0057859523;0.004406194;0.8604032;0.50956225;3
122033251801630;1764839977221;0.0057859523;0.004406194;0.8604032;0.50956225;3
122033261676578;1764839977221;0.0057859523;0.004406194;0.8604032;0.50956225;3
122033271699807;1764839977221;0.0057859523;0.004406194;0.8604032;0.50956225;3
122033281580223;1764839977274;0.0057859523;0.004406194;0.8604032;0.50956225;3
122033291550900;1764839977274;0.0057859523;0.004406194;0.8604032;0.50956225;3
122033301448348;1764839977274;0.0057859523;0.004406194;0.8604032;0.50956225;3
122033311444703;1764839977274;0.0057859523;0.004406194;0.8604032;0.50956225;3
122033321329911;1764839977274;0.0057859523;0.004406194;0.8604032;0.50956225;3
122033331312880;1764839977274;0.0057859523;0.004406194;0.8604032;0.50956225;3
122033341214546;1764839977286;0.0057859523;0.004406194;0.8604032;0.50956225;3
122033351190223;1764839977299;0.0057859523;0.004406194;0.8604032;0.50956225;3
122033361098921;1764839977348;0.0057859523;0.004406194;0.8604032;0.50956225;3
122033371082463;1764839977348;0.0057859523;0.004406194;0.8604032;0.50956225;3
122033381016109;1764839977348;0.0057859523;0.004406194;0.8604032;0.50956225;3
122033390978713;1764839977348;0.0057859523;0.004406194;0.8604032;0.50956225;3
122033400857515;1764839977348;0.0057859523;0.004406194;0.8604032;0.50956225;3
